publication_url,author,date,reading_time,title,claps
https://towardsdatascience.com/,Natassha Selvaraj,2022-12-28,7,How to Make Money While Learning Data Science inÂ 2023,1100.0
https://towardsdatascience.com/,Heiko Hotz,2022-12-02,4,I Used ChatGPT to Create an Entire AI Application onÂ AWS,965.0
https://towardsdatascience.com/,Alberto Romero,2022-12-03,8,OpenAIâ€™s ChatGPT Is the Worldâ€™s BestÂ Chatbot,1200.0
https://towardsdatascience.com/,Leah Berg and Ray McLendon,2022-12-19,10,A Day in the Life of a Data Scientist,305.0
https://towardsdatascience.com/,Ken Jee,2022-12-02,11,The Simple Things You Need To Know As A Data ScienceÂ Beginner,207.0
https://towardsdatascience.com/,Avi Chawla,2022-12-05,6,Pandas Isnâ€™t Enough. Learn These 25 Pandas to SQL Translations To Upgrade Your Data AnalysisÂ Game,381.0
https://towardsdatascience.com/,Piero Paialunga,2022-12-27,8,"Hands-on Generative Adversarial Networks (GAN) for Signal Processing, withÂ Python",262.0
https://towardsdatascience.com/,Samuele Mazzanti,2022-12-30,10,What Is Better: One General Model or Many Specialized Models?,452.0
https://towardsdatascience.com/,Federico Trotta,2022-12-03,6,5 Python Libraries to Learn to Start Your Data ScienceÂ Career,343.0
https://towardsdatascience.com/,The PyCoach,2022-11-18,6,Predicting The FIFA World Cup 2022 With a Simple Model usingÂ Python,3100.0
https://towardsdatascience.com/,Natassha Selvaraj,2022-11-02,7,Meet Julia: The Future of DataÂ Science,1960.0
https://towardsdatascience.com/,Rebecca Vickery,2022-11-09,8,Machine Learning Algorithms CheatÂ Sheet,930.0
https://towardsdatascience.com/,Madison Hunter,2022-11-14,7,How to Use the Sherlock Mind Palace Study Technique to Teach Yourself DataÂ Science,444.0
https://towardsdatascience.com/,Avi Chawla,2022-11-07,8,The No-Code Pandas Alternative That Data Scientists Have Been WaitingÂ For,773.0
https://towardsdatascience.com/,"Wouter van Heeswijk, PhD",2022-11-19,8,Mass Layoffs in Techâ€Šâ€”â€ŠIs AI WinterÂ Coming?,403.0
https://towardsdatascience.com/,Shailey Dash,2022-11-02,22,"Decision Trees Explainedâ€Šâ€”â€ŠEntropy, Information Gain, Gini Index, CCPÂ Pruning",62.0
https://towardsdatascience.com/,Piero Paialunga,2022-11-22,8,"2022 World Cup Simulator Using Data Science, withÂ Python",284.0
https://towardsdatascience.com/,The PyCoach,2022-10-13,6,5 Python Projects to Automate Your Life: From Beginner toÂ Advanced,881.0
https://towardsdatascience.com/,Avi Chawla,2022-10-18,4,Introducing IceCream: Never Use Print() To Debug Your Python CodeÂ Again,1200.0
https://towardsdatascience.com/,Avi Chawla,2022-10-11,6,The Only 30 Methods You Should Master To Become A PandasÂ Pro,682.0
https://towardsdatascience.com/,Md. Zubair,2022-10-21,14,Ultimate Guide to Statistics for DataÂ Science,479.0
https://towardsdatascience.com/,Madison Hunter,2022-10-31,9,"6 Habits to Include in Your Daily Routine for a Long, Happy Career as a Data Scientist",790.0
https://towardsdatascience.com/,Ahmed Besbes,2022-10-03,8,12 Beginner Concepts About Type Hints To Improve Your PythonÂ Code,377.0
https://towardsdatascience.com/,Avi Chawla,2022-10-05,8,20 Newbie Mistakes that Even Skilled Python Programmers Make,525.0
https://towardsdatascience.com/,Cassie Kozyrkov,2022-10-29,6,Fooled by statistical significance,750.0
https://towardsdatascience.com/,Leonie Monigatti,2022-10-25,8,How to Create a PDF Report for Your Data Analysis inÂ Python,372.0
https://towardsdatascience.com/,Bex T.,2022-10-11,11,A Complete SHAP Tutorial: How to Explain Any Black-box ML Model inÂ Python,438.0
https://towardsdatascience.com/,The PyCoach,2022-09-15,5,"Yes, Python Has a Built-In Database. Hereâ€™s How to UseÂ It.",930.0
https://towardsdatascience.com/,The PyCoach,2022-09-29,9,9 SQL Core Concepts That Helped Me Get My First Data AnalystÂ Job,513.0
https://towardsdatascience.com/,"Ari Joury, PhD",2022-09-09,5,Forget about algorithms and modelsâ€Šâ€”â€ŠLearn how to solve problemsÂ first,1400.0
https://towardsdatascience.com/,Amal Hasni,2022-09-30,3,This Decorator will Make Python 30 TimesÂ Faster,825.0
https://towardsdatascience.com/,"J. Rafid Siddiqui, PhD",2022-09-20,8,What are Stable Diffusion Models and Why are they a Step Forward for Image Generation?,201.0
https://towardsdatascience.com/,The PyCoach,2022-09-13,9,Top Databases to Use in 2022: What is The Right Database for Your UseÂ Case?,202.0
https://towardsdatascience.com/,Andy McDonald,2022-09-26,8,4 Ways Iâ€™m Using Data Science Skills to Generate Income From SideÂ Hustles,285.0
https://towardsdatascience.com/,Aayush Malik,2022-09-20,7,Today I Quit Data Science; Here Are 7 ReasonsÂ Why,269.0
https://medium.com/swlh,Kurtis Pykes,2022-12-21,9,Donâ€™t Just Set Goals. BuildÂ Systems,17100.0
https://medium.com/swlh,Nitin Sharma,2022-12-13,15,30+ Killer Tools That Are So Valuable That They Feel Illegal To Know BeforeÂ 2023,2400.0
https://medium.com/swlh,Desiree Peralta,2022-12-12,6,How To Know if a Business Is a Bad Idea Before Even StartingÂ It,2800.0
https://medium.com/swlh,Eva G.,2022-12-12,7,Will ChatGPT remain free? Can it replace software engineers? What does it mean for future business opportunities andâ€¦,134.0
https://medium.com/swlh,Tim Denning,2022-12-08,6,The (Realistic) Way to Go from $0 to 7-Figures Online in 365Â Days,4500.0
https://medium.com/swlh,Tim Denning,2022-12-01,7,"Workplace Principles I Know at 36, I Wish I Had Known atÂ 21",1700.0
https://medium.com/swlh,Tim Denning,2022-12-15,7,Break These Societal Rules If You Want to Become a Millionaire (And Stop Struggling inÂ Life),2000.0
https://medium.com/swlh,Tim Denning,2022-12-06,6,Working Full-Time Hours Is a Scam. You Can Finish a Work Day in 4Â Hours.,2300.0
https://medium.com/swlh,"Nic Janz, Writer & Coach",2022-12-27,6,Stop Chasing New Topics To Write â€œOriginalâ€ Content,5000.0
https://medium.com/swlh,Tim Denning,2022-12-07,7,Investing Methods That Can Print You Money for Years (If Implemented),870.0
https://medium.com/swlh,Desiree Peralta,2022-11-30,6,5 Businesses That Are No Longer a Good Idea forÂ 2023,2200.0
https://medium.com/swlh,Tim Denning,2022-11-01,4,â€œSlow Hustleâ€ Is the New Trend Thatâ€™s Creating Financial Freedom,5400.0
https://medium.com/swlh,Tim Denning,2022-11-15,5,Making â€œPassiveâ€ Income Isnâ€™t Hardâ€Šâ€”â€ŠHereâ€™s the Backdoor System to DoÂ It,3200.0
https://medium.com/swlh,Tim Denning,2022-11-18,6,What Iâ€™d Do If I Woke up Tomorrow with $0 and Had to Start fromÂ Scratch,4000.0
https://medium.com/swlh,Jano le Roux,2022-11-17,4,Fake Eli Lilly Account May Now Cost TwitterÂ Millions,1970.0
https://medium.com/swlh,Tim Denning,2022-11-08,4,Layoffs at Rich Tech Companies Show You Canâ€™t Trust AnyÂ Employer,3000.0
https://medium.com/swlh,Tim Denning,2022-11-29,5,Big Tech Employees Have Become Entitled AdultÂ Babies,2000.0
https://medium.com/swlh,Tim Denning,2022-11-22,7,Read These Personal Finance Books to Increase Your Net Worth (Without Get-Rich-Quick Schemes),1300.0
https://medium.com/swlh,Tim Denning,2022-11-23,6,Alex Hormozi Quotes to Show You How to Retire in the Next 5Â Years,1970.0
https://medium.com/swlh,Tim Denning,2022-11-04,7,10 Pieces of Money Advice I Would Give to My 21 Year OldÂ Self,1300.0
https://medium.com/swlh,Zulie Rane,2022-10-25,6,"4 Ways Iâ€™ve Quietly MadeÂ $1,000+",11300.0
https://medium.com/swlh,Tim Denning,2022-10-13,4,Youâ€™re Missing the Point About Elonâ€™s Purchase ofÂ Twitter,7600.0
https://medium.com/swlh,Jano le Roux,2022-10-17,5,Apple Silently Launched A New Bank Killer Savings Account That Changes Everything,3800.0
https://medium.com/swlh,Desiree Peralta,2022-10-28,9,The Dark Side of Airbnb That Nobody Talks About is What Stops Me From Investing inÂ It,2000.0
https://medium.com/swlh,Tim Denning,2022-10-26,7,Career Cheat Codes I Know at 36 That I Wish I Knew atÂ 26,2800.0
https://medium.com/swlh,Tim Denning,2022-10-08,5,The Best Leaders in the World Are â€œQuiet Managersâ€,3800.0
https://medium.com/swlh,Tim Denning,2022-10-16,6,I Stopped Climbing the Corporate Ladder When I Realized Everyone at the Top Was DeeplyÂ Unhappy,3200.0
https://medium.com/swlh,Tim Denning,2022-10-25,4,Unsplash Is Officially Deadâ€Šâ€”â€ŠHere Are the Smarter Alternatives,6400.0
https://medium.com/swlh,Nitin Sharma,2022-10-06,5,30 Killer Tools That Are So Valuable They Feel Illegal To Knowâ€Šâ€”â€ŠNoÂ BS,2300.0
https://medium.com/swlh,Tim Denning,2022-10-11,6,What Iâ€™m Doing as the Recession Gets Worse (To Avoid GoingÂ Broke),3100.0
https://medium.com/swlh,Tim Denning,2022-09-15,7,Millennials Have (Finally) Figured out Bigger Salaries Are aÂ Scam,6200.0
https://medium.com/swlh,Jano le Roux,2022-09-24,8,I Spent 14 Days Analyzing Appleâ€™s Subtle Psychological Trigger Words To Get People To Buy The NewÂ iPhone,4000.0
https://medium.com/swlh,Victoria Kurichenko,2022-09-21,6,4 Tools I Use to Earn Income Online on Autopilot,2000.0
https://medium.com/swlh,Jano le Roux,2022-09-28,4,The Real Reason Adobe Just Bought Figma ForÂ $20B,1000.0
https://medium.com/swlh,Niharikaa Kaur Sodhi,2022-09-08,5,"I Got 17,000 LinkedIn Followers in 4Â Weeks",3600.0
https://medium.com/swlh,Tim Denning,2022-09-09,5,Successful People Are Liars. Unless Theyâ€™ve Lost Everything.,1700.0
https://medium.com/swlh,Tim Denning,2022-09-29,5,The Six Lies 9-5 Employers Use to Secretly Manipulate You,1700.0
https://medium.com/swlh,Niharikaa Kaur Sodhi,2022-09-10,5,7 Tough Realities That Pushed Me To Quit My 9â€“5 AtÂ 25,2500.0
https://medium.com/swlh,Tim Denning,2022-09-22,6,The Success Principles of the Top 1% of People Who Make MoneyÂ Online,2200.0
https://medium.com/swlh,Tim Denning,2022-09-16,7,The Eleven Cardinal Rules of Financial Success,1400.0
https://humanparts.medium.com/,Cai Emmons,2022-12-21,6,The Objects of MyÂ Life,2000.0
https://humanparts.medium.com/,Jacqueline Dooley,2022-12-14,5,2022 in One Word: Menopause,2200.0
https://humanparts.medium.com/,Ellen Stephenson,2022-12-19,7,Grief And The Season OfÂ Light,1700.0
https://humanparts.medium.com/,Daisy Buchanan,2022-11-22,10,"Shame, Shame,Â Shame",578.0
https://humanparts.medium.com/,Savala Nolan,2022-11-29,6,5 Things About Me That I Let My DaughterÂ See,1500.0
https://humanparts.medium.com/,Anton Krutikov,2022-11-11,7,My Last Summer inÂ Moscow,798.0
https://humanparts.medium.com/,Bernieâ€™s Daughter,2022-11-21,4,I Donâ€™t Know What to Say When You Say Iâ€™mÂ Pretty,799.0
https://humanparts.medium.com/,E. Black,2022-10-04,10,The Boy Who Didnâ€™t Care That I Was aÂ Girl,1200.0
https://humanparts.medium.com/,Jude Ellison S. Doyle,2022-10-05,17,On Keeping a ComicÂ Book,636.0
https://humanparts.medium.com/,Daniel Williams,2022-10-08,8,Whatâ€™s The Worst Reason Someone Used For DumpingÂ You?,890.0
https://humanparts.medium.com/,Anton Kutselyk,2022-10-29,5,The anti-routine of a slowÂ Saturday,732.0
https://humanparts.medium.com/,Jacqueline Dooley,2022-10-02,5,The Day of the Dead Is About MyÂ Daughter,1400.0
https://humanparts.medium.com/,Jonathan Lethem,2022-10-30,8,The King is Trying to FeelÂ Safe,231.0
https://humanparts.medium.com/,Joel Stein,2022-09-06,5,The Tyranny ofÂ Pants,1400.0
https://humanparts.medium.com/,Paul Greenberg,2022-09-10,3,Serendipity vs.Â iPhone,1800.0
https://humanparts.medium.com/,Mindy Stern,2022-09-21,9,Donâ€™t Make Us Choose. A Missive To AdoptiveÂ Parents.,1500.0
https://medium.com/geekculture,The PyCoach,2022-12-09,6,"Hey ChatGPT, Automate These Tasks UsingÂ Python",2700.0
https://medium.com/geekculture,Nitin Sharma,2022-12-26,9,8 Stupidly Simple Programming Side Hustle That You Can Start in 2023â€Šâ€”â€ŠNoÂ BS!,3000.0
https://medium.com/geekculture,Sung Kim,2022-12-11,4,How to Detect OpenAIâ€™s ChatGPTÂ Output,182.0
https://medium.com/geekculture,Josep Ferrer,2022-12-23,4,6 ChatGPT mind-blowing extensions to use itÂ anywhere,1100.0
https://medium.com/geekculture,The PyCoach,2022-12-19,6,I Found a Loophole to (Successfully) Web Scrape Using ChatGPT. Hereâ€™s How itÂ Works,910.0
https://medium.com/geekculture,Jim Clyde Monge,2022-12-01,3,A Simple Way To Run Stable Diffusion 2.0 Locally On Your PCâ€Šâ€”â€ŠNo CodeÂ Guide,71.0
https://medium.com/geekculture,The PyCoach,2022-12-15,6,I Spent 14 Days Testing ChatGPT. Here Are 3 Ways It Can Improve Your EverydayÂ Life,1990.0
https://medium.com/geekculture,The PyCoach,2022-12-13,4,ChatGPT: 4 Jobs That Will Change (or Be Fully Replaced) by This AI-Powered Chatbot,1000.0
https://medium.com/geekculture,The PyCoach,2022-12-14,4,ChatGPT: The End of Programming (As We KnowÂ It),502.0
https://medium.com/geekculture,Anmol Tomar,2022-12-28,5,Top 10 Data Visualizations of 2022 Worth LookingÂ at!,966.0
https://medium.com/geekculture,Pooya Amini,2022-11-11,9,Left Amazon after 7.5+ years; Here is my honestÂ review.,2700.0
https://medium.com/geekculture,The PyCoach,2022-11-11,5,4 Paid Subscriptions Iâ€™m Considering Getting in 2023 as a Programmer,565.0
https://medium.com/geekculture,Farhan Tanvir,2022-11-09,4,7 iOS Projects to Become a Better iOS Developer,386.0
https://medium.com/geekculture,Farhan Tanvir,2022-11-15,5,7 Useful Python Libraries You Should Use in Your NextÂ Project,267.0
https://medium.com/geekculture,The PyCoach,2022-11-12,5,Web Scraping Football Matches From The World Cups 1930 to 2022 withÂ Python,129.0
https://medium.com/geekculture,The PyCoach,2022-11-08,4,"Yes, You Can Easily Scrape Websites with Pandas. Hereâ€™sÂ How.",360.0
https://medium.com/geekculture,Hammad Abbasi,2022-11-14,12,Build High Performance Services using gRPC andÂ .NET7,209.0
https://medium.com/geekculture,The PyCoach,2022-11-18,6,14 Pandas Functions that Data Scientists Use (At Least) 60% of theÂ Time,171.0
https://medium.com/geekculture,Sheetal,2022-11-08,4,Programming jokes to make youÂ ROFL,108.0
https://medium.com/geekculture,Jason Clarke,2022-11-09,6,Reference Architectures,181.0
https://medium.com/geekculture,The PyCoach,2022-10-07,4,My Top 5 Paid Subscriptions Iâ€™ll Never Cancel as a Programmer,3100.0
https://medium.com/geekculture,Jakub Kozak,2022-10-07,3,Stop Using â€œ&&â€ for Conditional Rendering in React WithoutÂ Thinking,2400.0
https://medium.com/geekculture,The PyCoach,2022-10-11,4,I Coded a Tinder Bot to Automate My Dating Life. Hereâ€™s WhatÂ Happened,450.0
https://medium.com/geekculture,Farhan Tanvir,2022-10-11,5,7 Flutter Open Source Projects to Become a Better Flutter Developer,517.0
https://medium.com/geekculture,Wenting Zhang,2022-10-02,7,From Ex-Adobe Employee: On Adobe Acquiring Figma,695.0
https://medium.com/geekculture,Kostas Farkonas,2022-10-05,7,Samsungâ€™s new smartphone battery issue is pure techÂ karma,237.0
https://medium.com/geekculture,Farhan Tanvir,2022-10-10,5,7 Best Python Tools To Make Your LifeÂ Easier,342.0
https://medium.com/geekculture,Youssef Hosni,2022-10-23,8,8 Websites Will Pay 50$ to 1000$ For Your Data ScienceÂ Blog,1400.0
https://medium.com/geekculture,Youssef Hosni,2022-10-25,9,5 Best Books To Learn Statistics And Probability For Data Scientists,967.0
https://medium.com/geekculture,Sheetal,2022-10-29,4,Programming Jokes to make yourÂ day,293.0
https://medium.com/geekculture,Jim Clyde Monge,2022-09-12,4,An Easy Way To Run Stable Diffusion With GUI On Your LocalÂ Machine,543.0
https://medium.com/geekculture,Jim Clyde Monge,2022-09-11,5,The Age Of AI-Generated Porn IsÂ Here,750.0
https://medium.com/geekculture,Devansh- Machine Learning Made Simple,2022-09-07,7,Meta AIs shocking insight about Big Data and DeepÂ Learning,311.0
https://medium.com/geekculture,Sheetal,2022-09-27,4,Hillarious Programming memes to freshen up yourÂ mood,500.0
https://medium.com/geekculture,Vasanth Bhat,2022-09-02,3,"I lost 50L+ package, because I couldnâ€™t answer this JavaScript question.",351.0
https://medium.com/geekculture,Andrew Winnicki,2022-09-20,13,"Better Software Engineering teamsâ€Šâ€”â€ŠStructures, roles, responsibilities and comparison with common approaches.",521.0
https://medium.com/geekculture,DIKSHA MOHNANI,2022-09-26,4,9 Ways to Optimize SQLÂ Queries,358.0
https://medium.com/geekculture,"Ari Joury, PhD",2022-09-01,5,Swift was poised to replace Python. Then itÂ tanked,163.0
https://medium.com/geekculture,Vikas Kumar Ojha,2022-09-20,5,Converting YOLO V7 to Tensorflow Lite for Mobile Deployment,83.0
https://medium.com/geekculture,Kondah Mouad,2022-09-11,15,"Spring Data JPA, Spring Data R2DBC & Hibernate Reactive",50.0
https://levelup.gitconnected.com/,Ahmed Besbes,2022-12-19,6,How I Used ChatGPT To Automate These 6 Tasks In My Data ScienceÂ Role,613.0
https://levelup.gitconnected.com/,Jayden Levitt,2022-12-09,5,Youâ€™re Making a Huge Mistake Buying Crypto Before March 2023 (RaoulÂ Pal),1800.0
https://levelup.gitconnected.com/,Art Kulakov,2022-12-10,6,Building a Python Interpreter insideÂ ChatGPT,948.0
https://levelup.gitconnected.com/,Jacob Ferus,2022-12-01,4,ChatGPT Is Mind-Blowingâ€Šâ€”â€ŠEverything You Need ToÂ Know,1000.0
https://levelup.gitconnected.com/,Jacob Bennett,2022-12-12,7,Write Go like a seniorÂ engineer,656.0
https://levelup.gitconnected.com/,Albers Uzila,2022-12-23,11,Wanna Break into Data Science in 2023? ThinkÂ Twice!,205.0
https://levelup.gitconnected.com/,Asaf Pras,2022-12-02,4,Python Automated WhatsApp MessageÂ Sender,205.0
https://levelup.gitconnected.com/,Youssef Hosni,2022-12-26,10,How To UseÂ .groupby() Effectively As A Data Scientist,842.0
https://levelup.gitconnected.com/,Rajkumar Gaur,2022-12-16,7,5 Concepts you must know as a React Developer,257.0
https://levelup.gitconnected.com/,Software Surplus,2022-12-16,6,How To Use ChatGPT For Developers,364.0
https://levelup.gitconnected.com/,Jacob Bennett,2022-11-15,4,Use Git like a seniorÂ engineer,2000.0
https://levelup.gitconnected.com/,Rebai Ahmed,2022-11-09,4,Bad practices you should avoid usingÂ Angular,1000.0
https://levelup.gitconnected.com/,Pen Magnet,2022-11-07,13,"Elon Musk Fires 50% Twitter, and Why I LikeÂ It",740.0
https://levelup.gitconnected.com/,Software Surplus,2022-11-15,6,Why Some Developers Will NeverÂ Improve,1100.0
https://levelup.gitconnected.com/,The woman,2022-11-22,5,Elon Musk Will Eventually Learn How to Respect Developers,1000.0
https://levelup.gitconnected.com/,Anthony Oleinik,2022-11-10,4,Why I Switched From Rust to Go on theÂ Backend,429.0
https://levelup.gitconnected.com/,Peng Cao,2022-11-28,4,A Step-By-Step Guide to Crack Wifi Password withÂ Python,288.0
https://levelup.gitconnected.com/,Sonika | Javascript Hungry | Working at Walmart,2022-11-17,7,Javascript DesignÂ Patterns,439.0
https://levelup.gitconnected.com/,Simon Holdorf,2022-11-20,21,101 Tips to Make You a Better Developer,351.0
https://levelup.gitconnected.com/,Simon Holdorf,2022-11-08,9,9 Awesome JavaScript Projects for yourÂ Resume,398.0
https://levelup.gitconnected.com/,Alexander Nguyen,2022-10-02,4,"$150,000 Amazon Engineer vs. $300,000 GoogleÂ Engineer",16200.0
https://levelup.gitconnected.com/,Simon Holdorf,2022-10-11,7,9 Projects You Can Do to Become a Front-End Master inÂ 2023,2600.0
https://levelup.gitconnected.com/,Simon Holdorf,2022-10-28,7,10 Must-Read Books for Software Engineers inÂ 2023,1500.0
https://levelup.gitconnected.com/,Carlos Arguelles,2022-10-13,10,The things I love about Google are the things I dislike aboutÂ Google,2600.0
https://levelup.gitconnected.com/,Entreprogrammer,2022-10-14,4,Steve Jobâ€™s Formula: How to be Successful atÂ Anything,1300.0
https://levelup.gitconnected.com/,Matt Welsh,2022-10-05,8,The End of Programming,814.0
https://levelup.gitconnected.com/,Sanjay Priyadarshi,2022-10-04,10,"Meet a Programmer Who Rejected a $10,000,000,000 Acquisition Offer From Microsoft",989.0
https://levelup.gitconnected.com/,Mohammed Ayar,2022-10-04,7,Python is Destroying theÂ Planet,701.0
https://levelup.gitconnected.com/,Alexander Nguyen,2022-10-09,5,"A Compensation Breakdown From Amazon, Microsoft, Google",1200.0
https://levelup.gitconnected.com/,Amy Li,2022-10-03,6,Top 3 Reasons Why I Moved From Notion to Obsidian as a Software Developer,598.0
https://levelup.gitconnected.com/,Trey Huffine,2022-09-26,11,How we reduced our annual server costs by 80%â€Šâ€”â€Šfrom $1M to $200kâ€Šâ€”â€Šby moving away fromÂ AWS,3900.0
https://levelup.gitconnected.com/,The woman,2022-09-18,4,My Junior Got Fired and Sued for Working on His Side Projects During OfficeÂ hours,2000.0
https://levelup.gitconnected.com/,Arslan Ahmad,2022-09-15,5,Donâ€™t Just LeetCode; Follow the Coding PatternsÂ Instead,2300.0
https://levelup.gitconnected.com/,Pen Magnet,2022-09-05,12,"17 Years in Programming, I Couldnâ€™t Learn Javascript in 7Â Days",541.0
https://levelup.gitconnected.com/,Alexander Nguyen,2022-09-20,4,"Why Working at Amazon Isnâ€™t WorthÂ $150,000",1200.0
https://levelup.gitconnected.com/,Imran Farooq,2022-09-27,2,React Best Practices for Software Design and Architecture,798.0
https://levelup.gitconnected.com/,"Ari Joury, PhD",2022-09-13,4,Python is notoriously slow. Now its creators want to make it twice asÂ fast,394.0
https://levelup.gitconnected.com/,Entreprogrammer,2022-09-27,4,Why Elon Muskâ€™s Two Hand Test For Hiring Is Very Effective,726.0
https://levelup.gitconnected.com/,Entreprogrammer,2022-09-18,4,Did Zuckerberg really Con His Cofounder?,264.0
https://levelup.gitconnected.com/,The woman,2022-09-15,5,10 Most Dangerous Hackers Of AllÂ Time,253.0
https://python.plainenglish.io/,Anup Das,2022-12-18,8,15 Completely Free Machine Learning and Deep LearningÂ Books,333.0
https://python.plainenglish.io/,JesÃºs Lagares,2022-12-11,4,Funny programming memes explained by a Professional Software Developer,171.0
https://python.plainenglish.io/,Liu Zuo Lin,2022-12-27,7,20 Python Recursion Practice Questions,330.0
https://python.plainenglish.io/,Yancy Dennis,2022-12-12,2,$5000 Per Hour Web Scraping LegalÂ Site,293.0
https://python.plainenglish.io/,Haider Imtiaz,2022-12-31,8,10 Python Scripts to Automate Your EverydayÂ Tasks,71.0
https://python.plainenglish.io/,Adejumo Ridwan Suleiman,2022-12-06,9,How To Perform The 5 Most Popular Statistical Analysis WithÂ Python,247.0
https://python.plainenglish.io/,Ethan Jones,2022-12-20,6,Mastering Command Line Arguments in Python: A Comprehensive Guide withÂ argparse,56.0
https://python.plainenglish.io/,Yancy Dennis,2022-12-23,2,Money with Python Automation,76.0
https://python.plainenglish.io/,Farhan Tanvir,2022-12-20,5,7 Most Starred Python Library You ShouldÂ Know,26.0
https://python.plainenglish.io/,Liu Zuo Lin,2022-12-05,4,Checklist for Intermediate PythonÂ Learners,250.0
https://python.plainenglish.io/,Adejumo Ridwan Suleiman,2022-11-10,6,9 Things You Do That Shows You Are Not A Professional Python Developer,832.0
https://python.plainenglish.io/,Edoardo Bianchi,2022-11-15,10,I Fine-Tuned GPT-2 on 100K Scientific Papers. Hereâ€™s TheÂ Result,674.0
https://python.plainenglish.io/,Haider Imtiaz,2022-11-04,8,10 Python Scripts for Everyday Automation,212.0
https://python.plainenglish.io/,Sunil Kumar,2022-11-28,6,I Make $1K+ Every Month In Side Income Writing Simple Python Scriptsâ€Šâ€”â€ŠHere Is How I DoÂ It,839.0
https://python.plainenglish.io/,Farhan Tanvir,2022-11-07,5,7 Useful Python Libraries You Should Use in Your NextÂ Project,286.0
https://python.plainenglish.io/,Haider Imtiaz,2022-11-12,7,10 Mini Automation Projects inÂ Python,60.0
https://python.plainenglish.io/,Umberto Grando,2022-11-14,6,Build a GUI for Any API easily in Python Using Streamlit,98.0
https://python.plainenglish.io/,Haider Imtiaz,2022-11-10,8,10 Python Scripts for Daily Automation,37.0
https://python.plainenglish.io/,Adejumo Ridwan Suleiman,2022-11-20,5,How To Create Excel Functions WithÂ Python,88.0
https://python.plainenglish.io/,Gautamankul,2022-11-11,5,Python top most useful tips you should learnÂ .,247.0
https://python.plainenglish.io/,Haider Imtiaz,2022-10-05,7,10 Python Scripts for Automation,228.0
https://python.plainenglish.io/,Ishaan Gupta,2022-10-07,2,Python Script That Kept Me Online AllÂ Day,275.0
https://python.plainenglish.io/,Haider Imtiaz,2022-10-05,7,10 Python Scripts to Automate YourÂ Bussines,186.0
https://python.plainenglish.io/,Haider Imtiaz,2022-10-20,7,10 Python Automation Scripts,82.0
https://python.plainenglish.io/,Liu Zuo Lin,2022-10-03,4,7 More Things I Never Knew About Python UntilÂ Recently,256.0
https://python.plainenglish.io/,Richard Taujenis,2022-10-02,3,How to Safely Store API keys in PythonÂ ğŸ”‘,125.0
https://python.plainenglish.io/,Haider Imtiaz,2022-10-12,8,10 Killer Python Automation Scripts,263.0
https://python.plainenglish.io/,Liu Zuo Lin,2022-10-15,3,How To Run Background Tasks In FastAPIÂ (Python),101.0
https://python.plainenglish.io/,Haider Imtiaz,2022-10-13,7,10 Killer APIs for your Next Programming Projects,56.0
https://python.plainenglish.io/,Farhan Tanvir,2022-10-26,5,7 Useful Python Libraries You Should Use in Your NextÂ Project,49.0
https://python.plainenglish.io/,Ethan Jones,2022-09-08,6,How I write industry standard PythonÂ code,623.0
https://python.plainenglish.io/,Ishaan Gupta,2022-09-12,5,5 Python Concepts That Will Advance YourÂ Career,556.0
https://python.plainenglish.io/,Haider Imtiaz,2022-09-05,7,10 Killer APIs to Automate Your DailyÂ Problems,583.0
https://python.plainenglish.io/,Liu Zuo Lin,2022-09-01,7,22 Things I Never Knew About Python Until Recently (Compilation),336.0
https://python.plainenglish.io/,Ishaan Gupta,2022-09-05,2,10 Powerful Python One-Liners,440.0
https://python.plainenglish.io/,Liu Zuo Lin,2022-09-06,4,10 Levels of Writing Python Functions,414.0
https://python.plainenglish.io/,Yancy Dennis,2022-09-03,3,How I made $150 in 5 minute Data Matching w/Â Python,528.0
https://python.plainenglish.io/,Liu Zuo Lin,2022-09-22,3,7 Levels Of Creating PythonÂ Classes,359.0
https://python.plainenglish.io/,Dinesh Kumar K B,2022-09-20,7,How to Implement Pagination Using FastAPI inÂ Python,11.0
https://python.plainenglish.io/,Haider Imtiaz,2022-09-10,7,10 Killer APIs to Automate Your EverydayÂ Problems,166.0
https://entrepreneurshandbook.co/,Arthur Hayes,2022-12-09,15,PEMDAS,2000.0
https://entrepreneurshandbook.co/,DC Palter,2022-12-13,7,Is Your Startup a Good Fit for VentureÂ Capital?,452.0
https://entrepreneurshandbook.co/,Al Anany,2022-12-12,6,"I Used ChatGPT to Create a Small SAAS Valuation Program for Startups, and I LoveÂ It",436.0
https://entrepreneurshandbook.co/,Amardeep Parmar,2022-12-18,8,The 20 Top-Rated Business Books ofÂ 2022,561.0
https://entrepreneurshandbook.co/,DC Palter,2022-12-28,5,"How to Pitch Like a Pro, Even if YouÂ Arenâ€™t",620.0
https://entrepreneurshandbook.co/,Joseph Mavericks,2022-12-21,9,I Gathered Advice from 100+ Millionaire Interviewsâ€Šâ€”â€ŠHereâ€™s the BestÂ Insights,741.0
https://entrepreneurshandbook.co/,Joseph Mavericks,2022-12-07,10,5 Books That Made Me Thousands ofÂ Dollars,663.0
https://entrepreneurshandbook.co/,Tim Denning,2022-12-14,5,Why I Quit My $250K Job in Tech to Run an Unproven OnlineÂ Business,664.0
https://entrepreneurshandbook.co/,Jon Brosio,2022-12-06,6,The Only Blueprint Youâ€™ll Ever Need to Monetize Your Unique Interests (Online),1200.0
https://entrepreneurshandbook.co/,Lucy Rothwell,2022-12-05,8,"Dear Startup, Love Trillion-Dollar-Company",360.0
https://entrepreneurshandbook.co/,Arthur Hayes,2022-11-09,10,Speechless,3600.0
https://entrepreneurshandbook.co/,Arthur Hayes,2022-11-18,22,White Boy,2500.0
https://entrepreneurshandbook.co/,Arthur Hayes,2022-11-26,27,White Man,2200.0
https://entrepreneurshandbook.co/,Arthur Hayes,2022-11-04,21,Pure Evil,1800.0
https://entrepreneurshandbook.co/,Stephen Moore,2022-11-16,4,The Crypto Winter Is About to Become a Crypto IceÂ Age,1500.0
https://entrepreneurshandbook.co/,Tim Denning,2022-11-08,5,"This Random Guyâ€™s Course Launch Made $85,000 in 7Â Days",3400.0
https://entrepreneurshandbook.co/,Tim Denning,2022-11-02,6,The First Decentralized Newsletter Platform to Pay Writers HasÂ Arrived,6400.0
https://entrepreneurshandbook.co/,Tim Denning,2022-11-17,6,Solopreneurship Is Causing High Performers to Quit Their High-Paying Jobs in TheirÂ Prime,1600.0
https://entrepreneurshandbook.co/,Tim Denning,2022-11-11,6,13 Things I Wish I Knew When I Started My OnlineÂ Business,1910.0
https://entrepreneurshandbook.co/,Tim Denning,2022-11-28,5,Most of Crypto Is a Giant Ponzi Scheme Waiting toÂ Explode,1300.0
https://entrepreneurshandbook.co/,Arthur Hayes,2022-10-06,22,Contagion,2900.0
https://entrepreneurshandbook.co/,Arthur Hayes,2022-10-25,24,Comeback,2200.0
https://entrepreneurshandbook.co/,"Aaron Dinin, PhD",2022-10-03,4,"A Venture Capitalist Told Me How He Decides Which Startups to Fund, and I Couldnâ€™t BelieveÂ It",957.0
https://entrepreneurshandbook.co/,Al Anany,2022-10-24,6,This 21-Year-Old Entrepreneur Built A Six-Figure Business From LinkedInâ€Šâ€”â€ŠHereâ€™s What She ToldÂ Me.,824.0
https://entrepreneurshandbook.co/,Tim Denning,2022-10-27,7,Twelve Strange Pieces of Business Advice That Substantially Increased My NetÂ Worth,1300.0
https://entrepreneurshandbook.co/,Joseph Mavericks,2022-10-18,8,Appleâ€™s Top 100 Meeting: Lessons from Steve Jobsâ€™ SecretÂ Agenda,560.0
https://entrepreneurshandbook.co/,Amardeep Parmar,2022-10-04,17,My Dad Died. The Way I Think About What I Do Has ChangedÂ Forever.,3000.0
https://entrepreneurshandbook.co/,Al Anany,2022-10-10,5,My Clients Have Raised Up to $120 Million With One-Pagersâ€Šâ€”â€ŠHereâ€™s How to CreateÂ Yours,495.0
https://entrepreneurshandbook.co/,Rachel Greenberg,2022-10-04,9,10 Lessons I Wish Iâ€™d Learned Before 10+ Years of Entrepreneurship,465.0
https://entrepreneurshandbook.co/,Al Anany,2022-10-18,6,Iâ€™ve Professionally Evaluated Over 1000 Pitch Decksâ€Šâ€”â€ŠHereâ€™s What The Ones That Raise Have inÂ Common.,275.0
https://entrepreneurshandbook.co/,Arthur Hayes,2022-09-07,31,For theÂ War,2400.0
https://entrepreneurshandbook.co/,Arthur Hayes,2022-09-22,15,Snippets,2200.0
https://entrepreneurshandbook.co/,Tim Denning,2022-09-27,7,The Moment I Decided to Quit My Job and Do My Own ThingÂ Forever,3400.0
https://entrepreneurshandbook.co/,Tim Denning,2022-09-01,9,How I Made More than $1M from Writing Online in 8Â Years,4300.0
https://entrepreneurshandbook.co/,Tim Denning,2022-09-16,7,The Permissionless Economy Is the Greatest Opportunity for Making MoneyÂ Online,2500.0
https://entrepreneurshandbook.co/,Joseph Mavericks,2022-09-20,11,How to Make Money out of ThinÂ Air,964.0
https://entrepreneurshandbook.co/,Niharikaa Kaur Sodhi,2022-09-29,6,How I Moved From 45-Hour to 20-Hour WorkÂ Weeks,2100.0
https://entrepreneurshandbook.co/,Jon Brosio,2022-09-29,5,This 7-Part Storytelling Framework Might Be The Most Powerful Persuasion Tool EverÂ Created,1600.0
https://entrepreneurshandbook.co/,Al Anany,2022-09-21,9,Our Third Founder (And Best Friend) Never Spoke to Us Again After We Ousted Him From OurÂ Startup,246.0
https://entrepreneurshandbook.co/,Al Anany,2022-09-12,6,I Have Spent $30k+ Outsourcing Freelancers from Upworkâ€Šâ€”â€ŠHereâ€™s My Ultimate Hiring Checklist.,688.0
