publication_url,author,date,reading_time,post_url,title,preview_image_url,claps
https://towardsdatascience.com/,Natassha Selvaraj,2022-12-28,7 min,https://towardsdatascience.com/how-to-make-money-while-learning-data-science-in-2023-8f1e898d2db5,How to Make Money While Learning Data Science in 2023,https://cdn-images-1.medium.com/fit/t/1600/480/1*UexPA8bZyfZ2i8ZyBRPXeQ.jpeg,1.1K
https://towardsdatascience.com/,Heiko Hotz,2022-12-02,4 min,https://towardsdatascience.com/i-used-chatgpt-to-create-an-entire-ai-application-on-aws-5b90e34c3d50,I Used ChatGPT to Create an Entire AI Application on AWS,https://cdn-images-1.medium.com/fit/t/1600/480/1*GekdnjJTT9N-16WrCToOJg.png,965
https://towardsdatascience.com/,Alberto Romero,2022-12-03,8 min,https://towardsdatascience.com/openais-chatgpt-is-the-world-s-best-chatbot-a25fa9f54442,OpenAI’s ChatGPT Is the World’s Best Chatbot,https://cdn-images-1.medium.com/fit/t/1600/480/0*tIipcmrInD5UMpQI.png,1.2K
https://towardsdatascience.com/,Leah Berg and Ray McLendon,2022-12-19,10 min,https://towardsdatascience.com/a-day-in-the-life-of-a-data-scientist-938d917370b9,A Day in the Life of a Data Scientist,https://cdn-images-1.medium.com/fit/t/1600/480/0*LSaE0ar-FfnzuLUn,305
https://towardsdatascience.com/,Ken Jee,2022-12-02,11 min,https://towardsdatascience.com/the-simple-things-you-need-to-know-as-a-data-science-beginner-c4b9ffd0b516,The Simple Things You Need To Know As A Data Science Beginner,https://cdn-images-1.medium.com/fit/t/1600/480/1*ADWrVZUd0Or8eU7VidO1kg.jpeg,207
https://towardsdatascience.com/,Avi Chawla,2022-12-05,6 min,https://towardsdatascience.com/pandas-isnt-enough-learn-these-25-pandas-to-sql-translations-to-upgrade-your-data-analysis-game-af8d0c26948d,Pandas Isn’t Enough. Learn These 25 Pandas to SQL Translations To Upgrade Your Data Analysis Game,https://cdn-images-1.medium.com/fit/t/1600/480/0*KPvGUt6NPDqfCsHi,381
https://towardsdatascience.com/,Piero Paialunga,2022-12-27,8 min,https://towardsdatascience.com/hands-on-generative-adversarial-networks-gan-for-signal-processing-with-python-ff5b8d78bd28,"Hands-on Generative Adversarial Networks (GAN) for Signal Processing, with Python",https://cdn-images-1.medium.com/fit/t/1600/480/0*Yp0xvopVkM6LmDHe,262
https://towardsdatascience.com/,Samuele Mazzanti,2022-12-30,10 min,https://towardsdatascience.com/what-is-better-one-general-model-or-many-specialized-models-9500d9f8751d,What Is Better: One General Model or Many Specialized Models?,https://cdn-images-1.medium.com/fit/t/1600/480/1*8nyPOEsO0QUhaRFlWyPhtA.png,452
https://towardsdatascience.com/,Federico Trotta,2022-12-03,6 min,https://towardsdatascience.com/5-python-libraries-to-learn-to-start-your-data-science-career-2cd24a223431,5 Python Libraries to Learn to Start Your Data Science Career,https://cdn-images-1.medium.com/fit/t/1600/480/1*fLFXbjmdzbSJFdOKNBcdfw.png,343
https://towardsdatascience.com/,The PyCoach,2022-11-18,6 min,https://towardsdatascience.com/predicting-the-fifa-world-cup-2022-with-a-simple-model-using-python-6b34bdd4f2a5,Predicting The FIFA World Cup 2022 With a Simple Model using Python,https://cdn-images-1.medium.com/fit/t/1600/480/1*-0T6gsOd4XaTegeyak0rdQ.png,3.1K
https://towardsdatascience.com/,Natassha Selvaraj,2022-11-02,7 min,https://towardsdatascience.com/meet-julia-the-future-of-data-science-52414b29ebb,Meet Julia: The Future of Data Science,https://cdn-images-1.medium.com/fit/t/1600/480/1*2zaVQgYpZO5yUjkR_uZflQ.jpeg,1.96K
https://towardsdatascience.com/,Rebecca Vickery,2022-11-09,8 min,https://towardsdatascience.com/machine-learning-algorithms-cheat-sheet-2f01d1d3aa37,Machine Learning Algorithms Cheat Sheet,https://cdn-images-1.medium.com/fit/t/1600/480/1*0qgxAws1SVugxsgIJvQ7Hw.jpeg,930
https://towardsdatascience.com/,Madison Hunter,2022-11-14,7 min,https://towardsdatascience.com/how-to-use-the-sherlock-mind-palace-study-technique-to-teach-yourself-data-science-7595602979e,How to Use the Sherlock Mind Palace Study Technique to Teach Yourself Data Science,https://cdn-images-1.medium.com/fit/t/1600/480/0*JO2BfIby210LoaVM,444
https://towardsdatascience.com/,Avi Chawla,2022-11-07,8 min,https://towardsdatascience.com/the-no-code-pandas-alternative-that-data-scientists-have-been-waiting-for-9e22aaa9cf02,The No-Code Pandas Alternative That Data Scientists Have Been Waiting For,https://cdn-images-1.medium.com/fit/t/1600/480/0*6-zzNEDYoFw1IANV,773
https://towardsdatascience.com/,"Wouter van Heeswijk, PhD",2022-11-19,8 min,https://towardsdatascience.com/mass-layoffs-in-tech-is-the-ai-winter-coming-d7f9968006d,Mass Layoffs in Tech — Is AI Winter Coming?,https://cdn-images-1.medium.com/fit/t/1600/480/0*g6F1SbnKNZnxam1G,403
https://towardsdatascience.com/,Shailey Dash,2022-11-02,22 min,https://towardsdatascience.com/decision-trees-explained-entropy-information-gain-gini-index-ccp-pruning-4d78070db36c,"Decision Trees Explained — Entropy, Information Gain, Gini Index, CCP Pruning",https://cdn-images-1.medium.com/fit/t/1600/480/1*H6thrs5CR_wdxQyMCwWawQ.png,62
https://towardsdatascience.com/,Piero Paialunga,2022-11-22,8 min,https://towardsdatascience.com/2022-world-cup-simulator-using-data-science-with-python-6bf56a543436,"2022 World Cup Simulator Using Data Science, with Python",https://cdn-images-1.medium.com/fit/t/1600/480/1*ZILQHXSC50yytivwo3Jtxg.jpeg,284
https://towardsdatascience.com/,The PyCoach,2022-10-13,6 min,https://towardsdatascience.com/5-python-projects-to-automate-your-life-from-beginner-to-advanced-90fe29a7d664,5 Python Projects to Automate Your Life: From Beginner to Advanced,https://cdn-images-1.medium.com/fit/t/1600/480/1*dcbm6xKIGa3NXivbbsTNVQ.jpeg,881
https://towardsdatascience.com/,Avi Chawla,2022-10-18,4 min,https://towardsdatascience.com/introducing-icecream-never-use-print-to-debug-your-python-code-again-d8f2e5719f8a,Introducing IceCream: Never Use Print() To Debug Your Python Code Again,https://cdn-images-1.medium.com/fit/t/1600/480/0*2n51QKEzXu0iKtBK,1.2K
https://towardsdatascience.com/,Avi Chawla,2022-10-11,6 min,https://towardsdatascience.com/the-only-30-methods-you-should-master-to-become-a-pandas-pro-749795084bb2,The Only 30 Methods You Should Master To Become A Pandas Pro,https://cdn-images-1.medium.com/fit/t/1600/480/0*mXergPC5ziQ_N0Bs,682
https://towardsdatascience.com/,Md. Zubair,2022-10-21,14 min,https://towardsdatascience.com/ultimate-guide-to-statistics-for-data-science-a3d8f1fd69a7,Ultimate Guide to Statistics for Data Science,https://cdn-images-1.medium.com/max/694/1*TW92D3dnhtDqFxHhgHSshg.png,479
https://towardsdatascience.com/,Madison Hunter,2022-10-31,9 min,https://towardsdatascience.com/6-habits-to-include-in-your-daily-routine-for-a-long-happy-career-as-a-data-scientist-de733eae6250,"6 Habits to Include in Your Daily Routine for a Long, Happy Career as a Data Scientist",https://cdn-images-1.medium.com/fit/t/1600/480/0*8qrmSfJQDL4LRrLU,790
https://towardsdatascience.com/,Ahmed Besbes,2022-10-03,8 min,https://towardsdatascience.com/12-beginner-concepts-about-type-hints-to-improve-your-python-code-90f1ba0ac49,12 Beginner Concepts About Type Hints To Improve Your Python Code,https://cdn-images-1.medium.com/fit/t/1600/480/0*JH-fdb9mQj4u-hJn,377
https://towardsdatascience.com/,Avi Chawla,2022-10-05,8 min,https://towardsdatascience.com/20-newbie-mistakes-that-even-skilled-python-programmers-make-6879048731a4,20 Newbie Mistakes that Even Skilled Python Programmers Make,https://cdn-images-1.medium.com/fit/t/1600/480/1*L080FqTskt09xT_qwzjMNg.png,525
https://towardsdatascience.com/,Cassie Kozyrkov,2022-10-29,6 min,https://towardsdatascience.com/fooled-by-statistical-significance-7fed1bc2caf9,Fooled by statistical significance,https://cdn-images-1.medium.com/fit/t/1600/480/0*hm0EqKj1QqABm413,750
https://towardsdatascience.com/,Leonie Monigatti,2022-10-25,8 min,https://towardsdatascience.com/how-to-create-a-pdf-report-for-your-data-analysis-in-python-2bea81133b,How to Create a PDF Report for Your Data Analysis in Python,https://cdn-images-1.medium.com/fit/t/1600/480/1*8bOHwjKOGyF6SAPB240qYQ.png,372
https://towardsdatascience.com/,Bex T.,2022-10-11,11 min,https://towardsdatascience.com/a-complete-shap-tutorial-how-to-explain-any-black-box-ml-model-in-python-7538d11fae94,A Complete SHAP Tutorial: How to Explain Any Black-box ML Model in Python,https://cdn-images-1.medium.com/fit/t/1600/480/1*2O663JaebKRvxfkj0nwvBg.jpeg,438
https://towardsdatascience.com/,The PyCoach,2022-09-15,5 min,https://towardsdatascience.com/yes-python-has-a-built-in-database-heres-how-to-use-it-b3c033f172d3,"Yes, Python Has a Built-In Database. Here’s How to Use It.",https://cdn-images-1.medium.com/fit/t/1600/480/1*PsnGY7NGiSg7rF2TkVFEUA.png,930
https://towardsdatascience.com/,The PyCoach,2022-09-29,9 min,https://towardsdatascience.com/9-sql-core-concepts-that-helped-me-get-my-first-data-analyst-job-a582f892276f,9 SQL Core Concepts That Helped Me Get My First Data Analyst Job,https://cdn-images-1.medium.com/fit/t/1600/480/1*cFFlcX_It-3nTFkjlJlZZA.jpeg,513
https://towardsdatascience.com/,"Ari Joury, PhD",2022-09-09,5 min,https://towardsdatascience.com/forget-about-algorithms-and-models-learn-how-to-solve-problems-first-c791fde5842e,Forget about algorithms and models — Learn how to solve problems first,https://cdn-images-1.medium.com/fit/t/1600/480/1*eI3DXXH8zCgL1MvX0VxqXQ.jpeg,1.4K
https://towardsdatascience.com/,Amal Hasni,2022-09-30,3 min,https://towardsdatascience.com/this-decorator-will-make-python-30-times-faster-715ca5a66d5f,This Decorator will Make Python 30 Times Faster,https://cdn-images-1.medium.com/fit/t/1600/480/0*eHk6ZR2ctKPUHcVT.png,825
https://towardsdatascience.com/,"J. Rafid Siddiqui, PhD",2022-09-20,8 min,https://towardsdatascience.com/what-are-stable-diffusion-models-and-why-are-they-a-step-forward-for-image-generation-aa1182801d46,What are Stable Diffusion Models and Why are they a Step Forward for Image Generation?,https://cdn-images-1.medium.com/fit/t/1600/480/1*WTe5olMSFC-T6No0Y_gKWg.png,201
https://towardsdatascience.com/,The PyCoach,2022-09-13,9 min,https://towardsdatascience.com/top-databases-to-use-in-2022-what-is-the-right-database-for-your-use-case-bb8d3f183b21,Top Databases to Use in 2022: What is The Right Database for Your Use Case?,https://cdn-images-1.medium.com/fit/t/1600/480/1*WlyEorrEq3U0u8syUHa63A.jpeg,202
https://towardsdatascience.com/,Andy McDonald,2022-09-26,8 min,https://towardsdatascience.com/4-ways-im-using-data-science-skills-to-generate-income-from-side-hustles-638fffc0bbca,4 Ways I’m Using Data Science Skills to Generate Income From Side Hustles,https://cdn-images-1.medium.com/fit/t/1600/480/0*OvVv69bqx8Iicoy1,285
https://towardsdatascience.com/,Aayush Malik,2022-09-20,7 min,https://towardsdatascience.com/today-i-quit-data-sciences-here-are-7-reasons-why-15c29e51d032,Today I Quit Data Science; Here Are 7 Reasons Why,https://cdn-images-1.medium.com/fit/t/1600/480/1*NKXjkun-bklzSwsZlemhFQ.jpeg,269
https://medium.com/swlh,Kurtis Pykes,2022-12-21,9 min,https://medium.com/swlh/dont-just-set-goals-build-systems-8158ac541df,Don’t Just Set Goals. Build Systems,https://cdn-images-1.medium.com/fit/t/1600/480/0*Nz897vaKH2yJhSQJ,17.1K
https://medium.com/swlh,Nitin Sharma,2022-12-13,15 min,https://medium.com/swlh/30-killer-tools-that-are-so-valuable-that-they-feel-illegal-to-know-before-2023-9651cb86dd9f,30+ Killer Tools That Are So Valuable That They Feel Illegal To Know Before 2023,https://cdn-images-1.medium.com/fit/t/1600/480/1*9iINVEIMNbGJzdwL8UT3Fg.jpeg,2.4K
https://medium.com/swlh,Desiree Peralta,2022-12-12,6 min,https://medium.com/swlh/how-to-know-if-a-business-is-a-bad-idea-before-even-starting-it-da7e3ff656ba,How To Know if a Business Is a Bad Idea Before Even Starting It,https://cdn-images-1.medium.com/fit/t/1600/480/1*ba1E_Q4KYynwPJSZjndPeQ.jpeg,2.8K
https://medium.com/swlh,Eva G.,2022-12-12,7 min,https://medium.com/swlh/3-questions-puzzled-me-about-openais-chatgpt-and-here-is-what-i-learned-1dda74b5f6db,Will ChatGPT remain free? Can it replace software engineers? What does it mean for future business opportunities and…,https://cdn-images-1.medium.com/fit/t/1600/480/0*vHy4OUMjfUOfOs6_,134
https://medium.com/swlh,Tim Denning,2022-12-08,6 min,https://medium.com/swlh/the-realistic-way-to-go-from-0-to-7-figures-online-in-365-days-3312ef3d2dba,The (Realistic) Way to Go from $0 to 7-Figures Online in 365 Days,https://cdn-images-1.medium.com/focal/1600/480/42/36/1*j6PYtaiSIciBY4kL37S7xQ.jpeg,4.5K
https://medium.com/swlh,Tim Denning,2022-12-01,7 min,https://medium.com/swlh/workplace-principles-i-know-at-36-i-wish-i-had-known-at-21-2e9ffd7d429b,"Workplace Principles I Know at 36, I Wish I Had Known at 21",https://cdn-images-1.medium.com/focal/1600/480/54/16/1*55BnkGxNv8YemasxyK57tg.jpeg,1.7K
https://medium.com/swlh,Tim Denning,2022-12-15,7 min,https://medium.com/swlh/break-these-societal-rules-if-you-want-to-become-a-millionaire-and-stop-struggling-in-life-f03534f31d92,Break These Societal Rules If You Want to Become a Millionaire (And Stop Struggling in Life),https://cdn-images-1.medium.com/focal/1600/480/52/40/1*rqA4qsdSwbJQ40WI0QX7ig.jpeg,2K
https://medium.com/swlh,Tim Denning,2022-12-06,6 min,https://medium.com/swlh/working-full-time-hours-is-a-scam-you-can-finish-a-work-day-in-4-hours-75dca7ee42f2,Working Full-Time Hours Is a Scam. You Can Finish a Work Day in 4 Hours.,https://cdn-images-1.medium.com/focal/1600/480/33/28/1*9Iv6KqDvWMxbLxp4SkHNaA.jpeg,2.3K
https://medium.com/swlh,"Nic Janz, Writer & Coach",2022-12-27,6 min,https://medium.com/swlh/stop-chasing-new-topics-to-write-original-content-b4a246af3142,Stop Chasing New Topics To Write “Original” Content,https://cdn-images-1.medium.com/fit/t/1600/480/1*BPq23NCfe5jXZg3qDGBZbA.jpeg,5K
https://medium.com/swlh,Tim Denning,2022-12-07,7 min,https://medium.com/swlh/investing-methods-that-can-print-you-money-for-years-if-implemented-561293933aa1,Investing Methods That Can Print You Money for Years (If Implemented),https://cdn-images-1.medium.com/focal/1600/480/51/38/1*sf0VSnhKRmYufkW3n9Iv2A.jpeg,870
https://medium.com/swlh,Desiree Peralta,2022-11-30,6 min,https://medium.com/swlh/5-businesses-that-are-not-longer-a-good-idea-for-2023-71cf13c0eb9a,5 Businesses That Are No Longer a Good Idea for 2023,https://cdn-images-1.medium.com/fit/t/1600/480/1*uYdmb8tUU21QkUgZQotUQA.jpeg,2.2K
https://medium.com/swlh,Tim Denning,2022-11-01,4 min,https://medium.com/swlh/slow-hustle-is-the-new-trend-thats-creating-financial-freedom-9f2576b5b2fc,“Slow Hustle” Is the New Trend That’s Creating Financial Freedom,https://cdn-images-1.medium.com/focal/1600/480/64/38/1*nKe3muOYXKINnodevgB9Wg.jpeg,5.4K
https://medium.com/swlh,Tim Denning,2022-11-15,5 min,https://medium.com/swlh/making-passive-income-isnt-hard-here-s-the-backdoor-system-to-do-it-a21f25763d3a,Making “Passive” Income Isn’t Hard — Here’s the Backdoor System to Do It,https://cdn-images-1.medium.com/focal/1600/480/48/58/1*F8HKY-eYKeBHbG0KXq3ACA.jpeg,3.2K
https://medium.com/swlh,Tim Denning,2022-11-18,6 min,https://medium.com/swlh/what-id-do-if-i-woke-up-tomorrow-with-0-and-had-to-start-from-scratch-aaf93d3e2d15,What I’d Do If I Woke up Tomorrow with $0 and Had to Start from Scratch,https://cdn-images-1.medium.com/focal/1600/480/44/13/1*U3dG_Imw1YQQOLMpbrGWqg.jpeg,4K
https://medium.com/swlh,Jano le Roux,2022-11-17,4 min,https://medium.com/swlh/fake-eli-lilly-account-may-now-cost-twitter-millions-cc29db07cbde,Fake Eli Lilly Account May Now Cost Twitter Millions,https://cdn-images-1.medium.com/fit/t/1600/480/1*HRot1ghDSutEPTf4k4hGRA.jpeg,1.97K
https://medium.com/swlh,Tim Denning,2022-11-08,4 min,https://medium.com/swlh/layoffs-at-rich-tech-companies-show-you-cant-trust-any-employer-3955b0891476,Layoffs at Rich Tech Companies Show You Can’t Trust Any Employer,https://cdn-images-1.medium.com/focal/1600/480/52/36/1*PoUAzu6xNDceaVtCHThICA.jpeg,3K
https://medium.com/swlh,Tim Denning,2022-11-29,5 min,https://medium.com/swlh/big-tech-employees-have-become-entitled-adult-babies-d7e4502722ef,Big Tech Employees Have Become Entitled Adult Babies,https://cdn-images-1.medium.com/focal/1600/480/63/35/1*UVNNpBFs6oHZboqwLJJNCA.jpeg,2K
https://medium.com/swlh,Tim Denning,2022-11-22,7 min,https://medium.com/swlh/read-these-personal-finance-books-to-increase-your-net-worth-without-get-rich-quick-schemes-281c2d4de6d0,Read These Personal Finance Books to Increase Your Net Worth (Without Get-Rich-Quick Schemes),https://cdn-images-1.medium.com/focal/1600/480/39/76/1*e6IURMaCVgZImEtSa1cPAw.jpeg,1.3K
https://medium.com/swlh,Tim Denning,2022-11-23,6 min,https://medium.com/swlh/alex-hormozi-quotes-to-show-you-how-to-retire-in-the-next-5-years-3fbc67de7d39,Alex Hormozi Quotes to Show You How to Retire in the Next 5 Years,https://cdn-images-1.medium.com/focal/1600/480/29/51/1*9JPy6xS_gEmq-EwXNpAa9Q.jpeg,1.97K
https://medium.com/swlh,Tim Denning,2022-11-04,7 min,https://medium.com/swlh/10-pieces-of-money-advice-i-would-give-to-my-21-year-old-self-b99fc7361b7a,10 Pieces of Money Advice I Would Give to My 21 Year Old Self,https://cdn-images-1.medium.com/focal/1600/480/40/38/1*1WtKQtgPmdJRBhzKruo32Q.jpeg,1.3K
https://medium.com/swlh,Zulie Rane,2022-10-25,6 min,https://medium.com/swlh/4-ways-ive-quietly-made-1-000-4bb314fb1639,"4 Ways I’ve Quietly Made $1,000+",https://cdn-images-1.medium.com/fit/t/1600/480/1*l9eEF2o_Duwz92fyOFQIpQ.jpeg,11.3K
https://medium.com/swlh,Tim Denning,2022-10-13,4 min,https://medium.com/swlh/youre-missing-the-point-about-elon-s-purchase-of-twitter-b9c01cf73e08,You’re Missing the Point About Elon’s Purchase of Twitter,https://cdn-images-1.medium.com/focal/1600/480/51/48/1*Mvb__A5K56aYbuIU6_KY4Q.jpeg,7.6K
https://medium.com/swlh,Jano le Roux,2022-10-17,5 min,https://medium.com/swlh/apple-silently-launched-a-new-bank-killer-savings-account-that-changes-everything-4b48bbb40609,Apple Silently Launched A New Bank Killer Savings Account That Changes Everything,https://cdn-images-1.medium.com/fit/t/1600/480/1*Jb1ckBieHwgLxCrlkJ5ImQ.jpeg,3.8K
https://medium.com/swlh,Desiree Peralta,2022-10-28,9 min,https://medium.com/swlh/the-dark-side-of-airbnb-that-nobody-talks-about-is-what-stops-me-from-investing-in-it-91d366a8a023,The Dark Side of Airbnb That Nobody Talks About is What Stops Me From Investing in It,https://cdn-images-1.medium.com/fit/t/1600/480/1*iccAmLlU_lYDXHL9U8rv2A.jpeg,2K
https://medium.com/swlh,Tim Denning,2022-10-26,7 min,https://medium.com/swlh/career-cheat-codes-i-know-at-36-that-i-wish-i-knew-at-26-b0e385fa9988,Career Cheat Codes I Know at 36 That I Wish I Knew at 26,https://cdn-images-1.medium.com/focal/1600/480/56/17/1*D0q9lz0NLwQs3umHqQZ_wA.jpeg,2.8K
https://medium.com/swlh,Tim Denning,2022-10-08,5 min,https://medium.com/swlh/the-best-leaders-in-the-world-are-quiet-managers-8bcc575d74ec,The Best Leaders in the World Are “Quiet Managers”,https://cdn-images-1.medium.com/focal/1600/480/47/8/1*OAwJ-K-JGkeZRBlk7VwE9Q.jpeg,3.8K
https://medium.com/swlh,Tim Denning,2022-10-16,6 min,https://medium.com/swlh/i-stopped-climbing-the-corporate-ladder-when-i-realized-everyone-at-the-top-was-deeply-unhappy-d0f1f0d1ac86,I Stopped Climbing the Corporate Ladder When I Realized Everyone at the Top Was Deeply Unhappy,https://cdn-images-1.medium.com/focal/1600/480/55/8/1*b1sjNflR8OvgKDnsTk9upg.jpeg,3.2K
https://medium.com/swlh,Tim Denning,2022-10-25,4 min,https://medium.com/swlh/unsplash-is-officially-dead-here-are-the-smarter-alternatives-593b52c24656,Unsplash Is Officially Dead — Here Are the Smarter Alternatives,https://cdn-images-1.medium.com/focal/1600/480/50/57/1*YgpiIyFP3kpfnUvwnWMjaQ.jpeg,6.4K
https://medium.com/swlh,Nitin Sharma,2022-10-06,5 min,https://medium.com/swlh/30-killer-tools-that-are-so-valuable-they-feel-illegal-to-know-no-bs-bfde1a56b5df,30 Killer Tools That Are So Valuable They Feel Illegal To Know — No BS,https://cdn-images-1.medium.com/fit/t/1600/480/0*Tva8Ew6LQxPwm1X7,2.3K
https://medium.com/swlh,Tim Denning,2022-10-11,6 min,https://medium.com/swlh/what-im-doing-as-the-recession-gets-worse-to-avoid-going-broke-ad260ce06f20,What I’m Doing as the Recession Gets Worse (To Avoid Going Broke),https://cdn-images-1.medium.com/focal/1600/480/75/55/1*7QSAZdclkbZ137A_69OiqA.jpeg,3.1K
https://medium.com/swlh,Tim Denning,2022-09-15,7 min,https://medium.com/swlh/millennials-have-finally-figured-out-bigger-salaries-are-a-scam-57bf7292ff22,Millennials Have (Finally) Figured out Bigger Salaries Are a Scam,https://cdn-images-1.medium.com/focal/1600/480/60/13/1*M4QxUmWHDfYJ9-PpicF8-w.jpeg,6.2K
https://medium.com/swlh,Jano le Roux,2022-09-24,8 min,https://medium.com/swlh/i-spent-14-days-analyzing-apples-subtle-psychological-trigger-words-to-get-people-to-buy-the-new-7744ccfad8bc,I Spent 14 Days Analyzing Apple’s Subtle Psychological Trigger Words To Get People To Buy The New iPhone,https://cdn-images-1.medium.com/fit/t/1600/480/1*ySc-2pyi5ddqT-ZiKRrzHw.jpeg,4K
https://medium.com/swlh,Victoria Kurichenko,2022-09-21,6 min,https://medium.com/swlh/4-tools-i-use-to-earn-income-online-on-autopilot-6de80fcf2460,4 Tools I Use to Earn Income Online on Autopilot,https://cdn-images-1.medium.com/fit/t/1600/480/1*gu_-4qad0QgjM4J4T2W_BA.jpeg,2K
https://medium.com/swlh,Jano le Roux,2022-09-28,4 min,https://medium.com/swlh/the-real-reason-adobe-just-bought-figma-for-20b-29c9038d37a9,The Real Reason Adobe Just Bought Figma For $20B,https://cdn-images-1.medium.com/fit/t/1600/480/1*az-gmZTO4-3S5iDGz9aKjA.png,1K
https://medium.com/swlh,Niharikaa Kaur Sodhi,2022-09-08,5 min,https://medium.com/swlh/i-got-17-000-linkedin-followers-in-4-weeks-f5a4493feac4,"I Got 17,000 LinkedIn Followers in 4 Weeks",https://cdn-images-1.medium.com/fit/t/1600/480/1*k2GBnwuhtVKQkYASXdQBOQ.png,3.6K
https://medium.com/swlh,Tim Denning,2022-09-09,5 min,https://medium.com/swlh/successful-people-are-liars-unless-theyve-lost-everything-26f37faf3486,Successful People Are Liars. Unless They’ve Lost Everything.,https://cdn-images-1.medium.com/focal/1600/480/53/39/1*ayiRRfuA0cXn--uO8gJ8vA.jpeg,1.7K
https://medium.com/swlh,Tim Denning,2022-09-29,5 min,https://medium.com/swlh/the-six-lies-9-5-employers-use-to-secretly-manipulate-you-d57392ce52f7,The Six Lies 9-5 Employers Use to Secretly Manipulate You,https://cdn-images-1.medium.com/focal/1600/480/48/28/1*7c3fgkizdUQr2bSCKRS4RA.jpeg,1.7K
https://medium.com/swlh,Niharikaa Kaur Sodhi,2022-09-10,5 min,https://medium.com/swlh/7-tough-realities-that-pushed-me-to-quit-my-9-5-at-25-5b33ea0155e5,7 Tough Realities That Pushed Me To Quit My 9–5 At 25,https://cdn-images-1.medium.com/fit/t/1600/480/1*pONdTKxVvWeNfphagEyW_A@2x.jpeg,2.5K
https://medium.com/swlh,Tim Denning,2022-09-22,6 min,https://medium.com/swlh/the-success-principles-of-the-top-1-of-people-who-make-money-online-6a6b256fcbbf,The Success Principles of the Top 1% of People Who Make Money Online,https://cdn-images-1.medium.com/focal/1600/480/43/22/1*d2_K0OZBf8e8aUKjg9j1Sw.jpeg,2.2K
https://medium.com/swlh,Tim Denning,2022-09-16,7 min,https://medium.com/swlh/the-eleven-cardinal-rules-of-financial-success-28981c06acab,The Eleven Cardinal Rules of Financial Success,https://cdn-images-1.medium.com/focal/1600/480/51/16/1*Kq8K3d-9ctPkDpBBX2uY-g.jpeg,1.4K
https://humanparts.medium.com/,Cai Emmons,2022-12-21,6 min,https://humanparts.medium.com/objects-e5e88f7a33cd,The Objects of My Life,https://cdn-images-1.medium.com/fit/t/1600/480/1*IvPt1F1Qsik0VjvcSNZLqg.jpeg,2K
https://humanparts.medium.com/,Jacqueline Dooley,2022-12-14,5 min,https://humanparts.medium.com/2022-in-one-word-menopause-dc7f7ea29a67,2022 in One Word: Menopause,https://cdn-images-1.medium.com/fit/t/1600/480/1*3KQY_KuoPhEP6swF7oTrnA.jpeg,2.2K
https://humanparts.medium.com/,Ellen Stephenson,2022-12-19,7 min,https://humanparts.medium.com/grief-and-the-season-of-light-608e528e12cd,Grief And The Season Of Light,https://cdn-images-1.medium.com/fit/t/1600/480/1*VxThFVWGkjy9CznbAKlUkA.jpeg,1.7K
https://humanparts.medium.com/,Daisy Buchanan,2022-11-22,10 min,https://humanparts.medium.com/shame-shame-shame-8825b72c5ce6,"Shame, Shame, Shame",https://cdn-images-1.medium.com/fit/t/1600/480/1*wi2tjZ22XOJ0pN_OV0gCWA.png,578
https://humanparts.medium.com/,Savala Nolan,2022-11-29,6 min,https://humanparts.medium.com/5-things-about-me-that-i-let-my-daughter-see-d84de1b65caf,5 Things About Me That I Let My Daughter See,https://cdn-images-1.medium.com/max/720/1*2n1FLf7oqmO9y9XND0zTeg.jpeg,1.5K
https://humanparts.medium.com/,Anton Krutikov,2022-11-11,7 min,https://humanparts.medium.com/my-last-summer-in-moscow-c399a04898e6,My Last Summer in Moscow,https://cdn-images-1.medium.com/fit/t/1600/480/1*1VSvTzsQoXv6viUeM82SOw.jpeg,798
https://humanparts.medium.com/,Bernie’s Daughter,2022-11-21,4 min,https://humanparts.medium.com/i-dont-know-what-to-say-when-you-say-i-m-pretty-d015ec044a24,I Don’t Know What to Say When You Say I’m Pretty,https://cdn-images-1.medium.com/fit/t/1600/480/1*DSy_kSYOELxHHdiVuYUBeg.jpeg,799
https://humanparts.medium.com/,E. Black,2022-10-04,10 min,https://humanparts.medium.com/the-boy-who-didnt-care-that-i-was-a-girl-1b94f8b05953,The Boy Who Didn’t Care That I Was a Girl,https://cdn-images-1.medium.com/fit/t/1600/480/1*XgJjvi-odf-cz4uocfJJYA.jpeg,1.2K
https://humanparts.medium.com/,Jude Ellison S. Doyle,2022-10-05,17 min,https://humanparts.medium.com/on-keeping-a-comic-book-93d70e54b565,On Keeping a Comic Book,https://cdn-images-1.medium.com/fit/t/1600/480/0*gAlVFjvsXWRBUpvX,636
https://humanparts.medium.com/,Daniel Williams,2022-10-08,8 min,https://humanparts.medium.com/whats-the-worst-reason-someone-used-for-dumping-you-6d532f03d1c4,What’s The Worst Reason Someone Used For Dumping You?,https://cdn-images-1.medium.com/focal/1600/480/56/74/1*R5VLrcvlsyOTc7MT8rRq2Q.jpeg,890
https://humanparts.medium.com/,Anton Kutselyk,2022-10-29,5 min,https://humanparts.medium.com/i-just-need-a-slow-saturday-cc7e4d9f7476,The anti-routine of a slow Saturday,https://cdn-images-1.medium.com/max/360/1*EGtupNWI3nO_jZED0iD3Rg.png,732
https://humanparts.medium.com/,Jacqueline Dooley,2022-10-02,5 min,https://humanparts.medium.com/the-day-of-the-dead-is-about-my-daughter-2b1025890095,The Day of the Dead Is About My Daughter,https://cdn-images-1.medium.com/fit/t/1600/480/1*HHp5xg9A_dAjhGCcPkuqkA.jpeg,1.4K
https://humanparts.medium.com/,Jonathan Lethem,2022-10-30,8 min,https://humanparts.medium.com/the-king-is-trying-to-feel-safe-359c9105bb7d,The King is Trying to Feel Safe,https://cdn-images-1.medium.com/fit/t/1600/480/1*mL-RV_fmtBZhH3YFzWNVUw.png,231
https://humanparts.medium.com/,Joel Stein,2022-09-06,5 min,https://humanparts.medium.com/the-tyranny-of-pants-3cfcf4d6f25f,The Tyranny of Pants,https://cdn-images-1.medium.com/fit/t/1600/480/1*7r0x9pjtfbrQelZgbyH1kg.jpeg,1.4K
https://humanparts.medium.com/,Paul Greenberg,2022-09-10,3 min,https://humanparts.medium.com/serendipity-vs-iphone-29dec76153e1,Serendipity vs. iPhone,https://cdn-images-1.medium.com/fit/t/1600/480/1*J1UBYXfqhwnWomxvFMh5Cw.png,1.8K
https://humanparts.medium.com/,Mindy Stern,2022-09-21,9 min,https://humanparts.medium.com/the-unfair-cruelty-of-secrecy-a-missive-to-adoptive-parents-feb31503b251,Don’t Make Us Choose. A Missive To Adoptive Parents.,https://cdn-images-1.medium.com/fit/t/1600/480/1*G-lsPh8KH_AfV7HejBEIpg.jpeg,1.5K
https://medium.com/geekculture,The PyCoach,2022-12-09,6 min,https://medium.com/geekculture/hey-chatgpt-solve-these-coding-tasks-using-python-b2e7482f2c18,"Hey ChatGPT, Automate These Tasks Using Python",https://cdn-images-1.medium.com/fit/t/1600/480/1*5vsGGSC0dJB-5P4sTpUgMw.jpeg,2.7K
https://medium.com/geekculture,Nitin Sharma,2022-12-26,9 min,https://medium.com/geekculture/8-stupidly-simple-programming-side-hustle-that-you-can-start-in-2023-no-bs-93ec748d73ee,8 Stupidly Simple Programming Side Hustle That You Can Start in 2023 — No BS!,https://cdn-images-1.medium.com/fit/t/1600/480/0*6JVh80iRQ0S5GnTU,3K
https://medium.com/geekculture,Sung Kim,2022-12-11,4 min,https://medium.com/geekculture/how-to-detect-if-an-essay-was-generated-by-openais-chatgpt-58bb8adc8461,How to Detect OpenAI’s ChatGPT Output,https://cdn-images-1.medium.com/fit/t/1600/480/1*j9kuAPQm1SGEtCyAtgp0VQ.jpeg,182
https://medium.com/geekculture,Josep Ferrer,2022-12-23,4 min,https://medium.com/geekculture/6-chatgpt-mind-blowing-extensions-to-use-it-anywhere-db6638640ec7,6 ChatGPT mind-blowing extensions to use it anywhere,https://cdn-images-1.medium.com/fit/t/1600/480/1*qDHxdjf90F2FFOL6NvdTBw.png,1.1K
https://medium.com/geekculture,The PyCoach,2022-12-19,6 min,https://medium.com/geekculture/i-found-a-loophole-to-successfully-web-scrape-using-chatgpt-heres-how-it-works-135f6c077d4d,I Found a Loophole to (Successfully) Web Scrape Using ChatGPT. Here’s How it Works,https://cdn-images-1.medium.com/fit/t/1600/480/1*Ip9w3eK-HxUjTEAGTAVJaw.jpeg,910
https://medium.com/geekculture,Jim Clyde Monge,2022-12-01,3 min,https://medium.com/geekculture/a-simple-way-to-run-stable-diffusion-2-0-locally-on-your-pc-no-code-guide-3beb911e444c,A Simple Way To Run Stable Diffusion 2.0 Locally On Your PC — No Code Guide,https://cdn-images-1.medium.com/fit/t/1600/480/1*wxyKMunCOtz9atyRbVxYTw.png,71
https://medium.com/geekculture,The PyCoach,2022-12-15,6 min,https://medium.com/geekculture/i-spent-14-days-testing-chatgpt-here-are-3-ways-it-can-improve-your-everyday-life-30852a349ad1,I Spent 14 Days Testing ChatGPT. Here Are 3 Ways It Can Improve Your Everyday Life,https://cdn-images-1.medium.com/fit/t/1600/480/1*semyKcLsFguEQ-4FUsFAaA.jpeg,1.99K
https://medium.com/geekculture,The PyCoach,2022-12-13,4 min,https://medium.com/geekculture/chatgpt-4-jobs-that-will-change-or-be-fully-replaced-by-this-ai-powered-chatbot-97e8118b2475,ChatGPT: 4 Jobs That Will Change (or Be Fully Replaced) by This AI-Powered Chatbot,https://cdn-images-1.medium.com/fit/t/1600/480/1*UqCXlwpBNB8qBkwReTk77Q.jpeg,1K
https://medium.com/geekculture,The PyCoach,2022-12-14,4 min,https://medium.com/geekculture/chatgpt-the-end-of-programming-as-we-know-it-ac7e3619e706,ChatGPT: The End of Programming (As We Know It),https://cdn-images-1.medium.com/fit/t/1600/480/1*f0RI0o8w9uA40XPR1PuSJw.jpeg,502
https://medium.com/geekculture,Anmol Tomar,2022-12-28,5 min,https://medium.com/geekculture/top-10-data-visualizations-of-2022-worth-looking-at-eec641e3fe84,Top 10 Data Visualizations of 2022 Worth Looking at!,https://cdn-images-1.medium.com/fit/t/1600/480/1*Yep0i1HnOKvgQAl4PtO0Gg.jpeg,966
https://medium.com/geekculture,Pooya Amini,2022-11-11,9 min,https://medium.com/geekculture/left-amazon-after-7-5-years-here-is-my-honest-review-48c86d7a03e1,Left Amazon after 7.5+ years; Here is my honest review.,https://cdn-images-1.medium.com/fit/t/1600/480/1*iiOnjn_ZymZZFUFI7YSI7g.jpeg,2.7K
https://medium.com/geekculture,The PyCoach,2022-11-11,5 min,https://medium.com/geekculture/4-paid-subscriptions-im-considering-getting-in-2023-as-a-programmer-28dafa119537,4 Paid Subscriptions I’m Considering Getting in 2023 as a Programmer,https://cdn-images-1.medium.com/fit/t/1600/480/1*APQXBarKwUMAPx80s2FrLA.jpeg,565
https://medium.com/geekculture,Farhan Tanvir,2022-11-09,4 min,https://medium.com/geekculture/7-ios-projects-to-become-a-better-ios-developer-e07818695c41,7 iOS Projects to Become a Better iOS Developer,https://cdn-images-1.medium.com/fit/t/1600/480/1*gNl_LDO1OFx6RIgM6jRCLw.jpeg,386
https://medium.com/geekculture,Farhan Tanvir,2022-11-15,5 min,https://medium.com/geekculture/7-useful-python-libraries-you-should-use-in-your-next-project-538547811de6,7 Useful Python Libraries You Should Use in Your Next Project,https://cdn-images-1.medium.com/fit/t/1600/480/1*wnPD1CvlZ66vuiboOr7rqA.jpeg,267
https://medium.com/geekculture,The PyCoach,2022-11-12,5 min,https://medium.com/geekculture/web-scraping-football-matches-from-the-world-cups-1930-to-2022-with-python-d2a1d578f034,Web Scraping Football Matches From The World Cups 1930 to 2022 with Python,https://cdn-images-1.medium.com/fit/t/1600/480/0*6YImrjzvKwM2O6sA,129
https://medium.com/geekculture,The PyCoach,2022-11-08,4 min,https://medium.com/geekculture/yes-you-can-easily-scrape-websites-with-pandas-heres-how-f833157781d5,"Yes, You Can Easily Scrape Websites with Pandas. Here’s How.",https://cdn-images-1.medium.com/fit/t/1600/480/1*0JSIcHwVn2sBEMqz250qKA.jpeg,360
https://medium.com/geekculture,Hammad Abbasi,2022-11-14,12 min,https://medium.com/geekculture/build-high-performance-services-using-grpc-and-net7-7c0c434abbb0,Build High Performance Services using gRPC and .NET7,https://cdn-images-1.medium.com/max/384/1*jt6PqiUjaQ-uGajctUzmoQ.jpeg,209
https://medium.com/geekculture,The PyCoach,2022-11-18,6 min,https://medium.com/geekculture/14-pandas-functions-that-data-scientists-use-60-of-the-time-ce8fe78924,14 Pandas Functions that Data Scientists Use (At Least) 60% of the Time,https://cdn-images-1.medium.com/fit/t/1600/480/1*vOhID-G28MUmY6O4UGRaVA.jpeg,171
https://medium.com/geekculture,Sheetal,2022-11-08,4 min,https://medium.com/geekculture/programming-jokes-to-make-you-rofl-47c6987c8788,Programming jokes to make you ROFL,https://cdn-images-1.medium.com/fit/t/1600/480/0*mmTonoyTfk6uWA6f,108
https://medium.com/geekculture,Jason Clarke,2022-11-09,6 min,https://medium.com/geekculture/reference-architectures-e98595545baa,Reference Architectures,https://cdn-images-1.medium.com/max/722/1*cV-hHcJ8WiCJtpobtn9mnw.png,181
https://medium.com/geekculture,The PyCoach,2022-10-07,4 min,https://medium.com/geekculture/my-top-5-paid-subscriptions-ill-never-cancel-as-a-programmer-251b3294e079,My Top 5 Paid Subscriptions I’ll Never Cancel as a Programmer,https://cdn-images-1.medium.com/fit/t/1600/480/1*I5cfGM7n7kMkU2mhlMNlfw.jpeg,3.1K
https://medium.com/geekculture,Jakub Kozak,2022-10-07,3 min,https://medium.com/geekculture/stop-using-for-conditional-rendering-in-react-a0f7b96200f8,Stop Using “&&” for Conditional Rendering in React Without Thinking,https://cdn-images-1.medium.com/fit/t/1600/480/0*TpzCH3adh-T9glBY,2.4K
https://medium.com/geekculture,The PyCoach,2022-10-11,4 min,https://medium.com/geekculture/i-coded-a-tinder-bot-to-automate-my-dating-life-heres-what-happened-4173a3f26bba,I Coded a Tinder Bot to Automate My Dating Life. Here’s What Happened,https://cdn-images-1.medium.com/fit/t/1600/480/1*Hi2UJW6T7QG-VokNM8zgJw.jpeg,450
https://medium.com/geekculture,Farhan Tanvir,2022-10-11,5 min,https://medium.com/geekculture/7-flutter-open-source-projects-to-become-a-better-flutter-developer-66944e460bdb,7 Flutter Open Source Projects to Become a Better Flutter Developer,https://cdn-images-1.medium.com/fit/t/1600/480/0*vQwPKDYJVQr0dEKm.jpeg,517
https://medium.com/geekculture,Wenting Zhang,2022-10-02,7 min,https://medium.com/geekculture/from-ex-adobe-employee-on-adobe-acquiring-figma-ea76a47493ef,From Ex-Adobe Employee: On Adobe Acquiring Figma,https://cdn-images-1.medium.com/fit/t/1600/480/0*GH2hEVLKeiTI52QF.png,695
https://medium.com/geekculture,Kostas Farkonas,2022-10-05,7 min,https://medium.com/geekculture/samsungs-new-smartphone-battery-issue-is-pure-tech-karma-d5b763f640fe,Samsung’s new smartphone battery issue is pure tech karma,https://cdn-images-1.medium.com/fit/t/1600/480/1*dMUBwxkrCPn3aVJHoKvqxw.jpeg,237
https://medium.com/geekculture,Farhan Tanvir,2022-10-10,5 min,https://medium.com/geekculture/7-best-python-tools-to-make-your-life-easier-6fc79c1a65e7,7 Best Python Tools To Make Your Life Easier,https://cdn-images-1.medium.com/fit/t/1600/480/0*gjN5Bf6Twfw8QY-T,342
https://medium.com/geekculture,Youssef Hosni,2022-10-23,8 min,https://medium.com/geekculture/8-websites-will-pay-50-to-1000-for-your-data-science-blog-f094d0616555,8 Websites Will Pay 50$ to 1000$ For Your Data Science Blog,https://cdn-images-1.medium.com/fit/t/1600/480/0*bAH0owdu3Vse54hi,1.4K
https://medium.com/geekculture,Youssef Hosni,2022-10-25,9 min,https://medium.com/geekculture/5-best-books-to-learn-statistics-and-probability-for-data-scientists-85144cd81f82,5 Best Books To Learn Statistics And Probability For Data Scientists,https://cdn-images-1.medium.com/fit/t/1600/480/0*ByPxRDsVvOXgN4JW,967
https://medium.com/geekculture,Sheetal,2022-10-29,4 min,https://medium.com/geekculture/programming-jokes-to-make-your-day-dae1ac1ff4b5,Programming Jokes to make your day,https://cdn-images-1.medium.com/fit/t/1600/480/0*S6j9P3gwPJnkRobZ,293
https://medium.com/geekculture,Jim Clyde Monge,2022-09-12,4 min,https://medium.com/geekculture/an-easy-way-to-run-stable-diffusion-with-gui-on-your-local-machine-3a7812fe1b81,An Easy Way To Run Stable Diffusion With GUI On Your Local Machine,https://cdn-images-1.medium.com/fit/t/1600/480/1*MBmON7yXXqagO9x4uzbEvw.png,543
https://medium.com/geekculture,Jim Clyde Monge,2022-09-11,5 min,https://medium.com/geekculture/the-age-of-ai-generated-porn-is-here-406349976426,The Age Of AI-Generated Porn Is Here,https://cdn-images-1.medium.com/fit/t/1600/480/1*LRn2dzepOQqsQkz0dQKErQ.png,750
https://medium.com/geekculture,Devansh- Machine Learning Made Simple,2022-09-07,7 min,https://medium.com/geekculture/meta-ais-shocking-insight-about-big-data-and-deep-learning-857f9f2b9ac5,Meta AIs shocking insight about Big Data and Deep Learning,https://cdn-images-1.medium.com/fit/t/1600/480/1*uvOYtbZF3WnflaJuUbP48Q.png,311
https://medium.com/geekculture,Sheetal,2022-09-27,4 min,https://medium.com/geekculture/hillarious-programming-memes-to-freshen-up-your-mood-a312ea07e08d,Hillarious Programming memes to freshen up your mood,https://cdn-images-1.medium.com/fit/t/1600/480/0*j10As6HKbuw-8ACB.jpg,500
https://medium.com/geekculture,Vasanth Bhat,2022-09-02,3 min,https://medium.com/geekculture/i-lost-50l-package-because-i-couldnt-answer-this-javascript-question-2259bf90d021,"I lost 50L+ package, because I couldn’t answer this JavaScript question.",https://cdn-images-1.medium.com/fit/t/1600/480/1*bMTECdZPNZdSAjyFIJZ3rA.png,351
https://medium.com/geekculture,Andrew Winnicki,2022-09-20,13 min,https://medium.com/geekculture/better-software-engineering-teams-structures-roles-responsibilities-and-comparison-with-common-fb5c3161c13d,"Better Software Engineering teams — Structures, roles, responsibilities and comparison with common approaches.",https://cdn-images-1.medium.com/fit/t/1600/480/1*2LOWwbuMhozsyIIdM9yGHQ.jpeg,521
https://medium.com/geekculture,DIKSHA MOHNANI,2022-09-26,4 min,https://medium.com/geekculture/9-ways-to-optimize-sql-queries-f62680d6f59a,9 Ways to Optimize SQL Queries,https://cdn-images-1.medium.com/fit/t/1600/480/1*zxME__QMp5IT3aErP6GQXg.png,358
https://medium.com/geekculture,"Ari Joury, PhD",2022-09-01,5 min,https://medium.com/geekculture/swift-was-poised-to-replace-python-then-it-tanked-3e6c11740ba6,Swift was poised to replace Python. Then it tanked,https://cdn-images-1.medium.com/fit/t/1600/480/1*RjCUrpMjfGI5ocqHJmVxRQ.jpeg,163
https://medium.com/geekculture,Vikas Kumar Ojha,2022-09-20,5 min,https://medium.com/geekculture/converting-yolo-v7-to-tensorflow-lite-for-mobile-deployment-ebc1103e8d1e,Converting YOLO V7 to Tensorflow Lite for Mobile Deployment,https://cdn-images-1.medium.com/fit/t/1600/480/0*97BtG-KQJXAasR1L,83
https://medium.com/geekculture,Kondah Mouad,2022-09-11,15 min,https://medium.com/geekculture/spring-data-jpa-spring-data-r2dbc-hibernate-reactive-bcc43e321566,"Spring Data JPA, Spring Data R2DBC & Hibernate Reactive",https://cdn-images-1.medium.com/fit/t/1600/480/1*CNiBZL7nJghHQmF-5ovw-w.png,50
https://levelup.gitconnected.com/,Ahmed Besbes,2022-12-19,6 min,https://levelup.gitconnected.com/how-i-used-chatgpt-to-automate-these-6-tasks-in-my-data-science-role-52e8ddfc03cf,How I Used ChatGPT To Automate These 6 Tasks In My Data Science Role,https://cdn-images-1.medium.com/fit/t/1600/480/0*A6vxlGDmAoJDnK3C,613
https://levelup.gitconnected.com/,Jayden Levitt,2022-12-09,5 min,https://levelup.gitconnected.com/youre-making-a-huge-mistake-buying-crypto-before-march-2023-raoul-pal-6192ea112695,You’re Making a Huge Mistake Buying Crypto Before March 2023 (Raoul Pal),https://cdn-images-1.medium.com/fit/t/1600/480/1*oaK3GqmmvGjLN60OISxvEw.png,1.8K
https://levelup.gitconnected.com/,Art Kulakov,2022-12-10,6 min,https://levelup.gitconnected.com/building-a-python-interpreter-inside-chatgpt-49251af35fea,Building a Python Interpreter inside ChatGPT,https://cdn-images-1.medium.com/fit/t/1600/480/1*bX7XxGvxvGOilsUPzCG5zA.png,948
https://levelup.gitconnected.com/,Jacob Ferus,2022-12-01,4 min,https://levelup.gitconnected.com/chatgpt-is-mind-blowing-everything-you-need-to-know-9e03fdb0b370,ChatGPT Is Mind-Blowing — Everything You Need To Know,https://cdn-images-1.medium.com/fit/t/1600/480/1*8ymAteSxMTNaYBMxRUenNg.png,1K
https://levelup.gitconnected.com/,Jacob Bennett,2022-12-12,7 min,https://levelup.gitconnected.com/write-go-like-a-senior-engineer-eee7f03a1883,Write Go like a senior engineer,https://cdn-images-1.medium.com/fit/t/1600/480/0*_88b4dUUI3F_Yail.jpg,656
https://levelup.gitconnected.com/,Albers Uzila,2022-12-23,11 min,https://levelup.gitconnected.com/wanna-break-into-data-science-in-2023-think-twice-26842e9a87fe,Wanna Break into Data Science in 2023? Think Twice!,https://cdn-images-1.medium.com/fit/t/1600/480/0*K1SQZ1rzr4cb-lSi,205
https://levelup.gitconnected.com/,Asaf Pras,2022-12-02,4 min,https://levelup.gitconnected.com/python-automated-whatsapp-message-sender-db488c8c6bc7,Python Automated WhatsApp Message Sender,https://cdn-images-1.medium.com/fit/t/1600/480/1*DrcouZ3ci76NiVi36hosZw.png,205
https://levelup.gitconnected.com/,Youssef Hosni,2022-12-26,10 min,https://levelup.gitconnected.com/how-to-use-groupby-effectively-as-a-data-scientist-9e1d931e1619,How To Use .groupby() Effectively As A Data Scientist,https://cdn-images-1.medium.com/fit/t/1600/480/0*-f4WiRspjvXS_gLJ,842
https://levelup.gitconnected.com/,Rajkumar Gaur,2022-12-16,7 min,https://levelup.gitconnected.com/5-concepts-you-must-know-as-a-react-developer-56ef56e4a5b8,5 Concepts you must know as a React Developer,https://cdn-images-1.medium.com/fit/t/1600/480/0*KRep3eQL13JBmXLp,257
https://levelup.gitconnected.com/,Software Surplus,2022-12-16,6 min,https://levelup.gitconnected.com/how-to-use-chatgpt-for-developers-4e7f354bbc02,How To Use ChatGPT For Developers,https://cdn-images-1.medium.com/fit/t/1600/480/1*cFsDwJAX6WHxiaK8TPhn1w.png,364
https://levelup.gitconnected.com/,Jacob Bennett,2022-11-15,4 min,https://levelup.gitconnected.com/use-git-like-a-senior-engineer-ef6d741c898e,Use Git like a senior engineer,https://cdn-images-1.medium.com/fit/t/1600/480/1*c98MmRRHROTav94yXKNMYw.png,2K
https://levelup.gitconnected.com/,Rebai Ahmed,2022-11-09,4 min,https://levelup.gitconnected.com/bad-practices-you-should-avoid-with-angular-development-58098e5542d5,Bad practices you should avoid using Angular,https://cdn-images-1.medium.com/fit/t/1600/480/0*SglEeE68NCDfJrak.jpg,1K
https://levelup.gitconnected.com/,Pen Magnet,2022-11-07,13 min,https://levelup.gitconnected.com/elon-musk-fires-50-twitter-and-why-i-like-it-adc3451f1018,"Elon Musk Fires 50% Twitter, and Why I Like It",https://cdn-images-1.medium.com/fit/t/1600/480/0*rlEAI-631BXhmEJM,740
https://levelup.gitconnected.com/,Software Surplus,2022-11-15,6 min,https://levelup.gitconnected.com/why-some-developers-will-never-improve-d7f095df9604,Why Some Developers Will Never Improve,https://cdn-images-1.medium.com/fit/t/1600/480/0*3kKBU1Fdk9_JMb07,1.1K
https://levelup.gitconnected.com/,The woman,2022-11-22,5 min,https://levelup.gitconnected.com/elon-musk-will-eventually-learn-how-to-respect-developers-e92ab7716710,Elon Musk Will Eventually Learn How to Respect Developers,https://cdn-images-1.medium.com/fit/t/1600/480/1*QstLjCzwYWCDKxHBn0davw.png,1K
https://levelup.gitconnected.com/,Anthony Oleinik,2022-11-10,4 min,https://levelup.gitconnected.com/why-i-switched-from-rust-to-go-on-the-backend-28bda21dbee9,Why I Switched From Rust to Go on the Backend,https://cdn-images-1.medium.com/fit/t/1600/480/1*KrtWmdX_AS5E-91Hx6YXhQ.png,429
https://levelup.gitconnected.com/,Peng Cao,2022-11-28,4 min,https://levelup.gitconnected.com/a-step-by-step-guide-to-crack-wifi-password-with-python-461a714d82ce,A Step-By-Step Guide to Crack Wifi Password with Python,https://cdn-images-1.medium.com/fit/t/1600/480/1*hLJ5eL7JMzZNbQfPxcnQ1A.png,288
https://levelup.gitconnected.com/,Sonika | Javascript Hungry | Working at Walmart,2022-11-17,7 min,https://levelup.gitconnected.com/javascript-design-patterns-aa4adb7b85e6,Javascript Design Patterns,https://cdn-images-1.medium.com/fit/t/1600/480/1*wKEwI_zU33dt0sNk_HMHog.png,439
https://levelup.gitconnected.com/,Simon Holdorf,2022-11-20,21 min,https://levelup.gitconnected.com/101-tips-to-make-you-a-better-developer-1fbb85d7eddc,101 Tips to Make You a Better Developer,https://cdn-images-1.medium.com/fit/t/1600/480/0*XHC7MyIivuTF59rp,351
https://levelup.gitconnected.com/,Simon Holdorf,2022-11-08,9 min,https://levelup.gitconnected.com/9-awesome-javascript-projects-for-your-resume-6dcf4645da4b,9 Awesome JavaScript Projects for your Resume,https://cdn-images-1.medium.com/fit/t/1600/480/0*0Yu3JA_vjCwNjmXl,398
https://levelup.gitconnected.com/,Alexander Nguyen,2022-10-02,4 min,https://levelup.gitconnected.com/150-000-amazon-engineer-vs-300-000-google-engineer-b0976793cf56,"$150,000 Amazon Engineer vs. $300,000 Google Engineer",https://cdn-images-1.medium.com/max/719/1*OtWEaFrknr1Wkw13hjEnMA.jpeg,16.2K
https://levelup.gitconnected.com/,Simon Holdorf,2022-10-11,7 min,https://levelup.gitconnected.com/9-projects-you-can-do-to-become-a-front-end-master-in-2023-a4389153148c,9 Projects You Can Do to Become a Front-End Master in 2023,https://cdn-images-1.medium.com/fit/t/1600/480/0*oGTljj4iecJrcjfm,2.6K
https://levelup.gitconnected.com/,Simon Holdorf,2022-10-28,7 min,https://levelup.gitconnected.com/10-must-read-books-for-software-engineers-3c961299d25,10 Must-Read Books for Software Engineers in 2023,https://cdn-images-1.medium.com/fit/t/1600/480/1*73NFzEe6PDGLlIUylvJfUw.jpeg,1.5K
https://levelup.gitconnected.com/,Carlos Arguelles,2022-10-13,10 min,https://levelup.gitconnected.com/the-things-i-love-about-google-are-the-things-i-dislike-about-google-b539be11ab0b,The things I love about Google are the things I dislike about Google,https://cdn-images-1.medium.com/fit/t/1600/480/1*3yFpWlHqDya77kLOfRTjtg.png,2.6K
https://levelup.gitconnected.com/,Entreprogrammer,2022-10-14,4 min,https://levelup.gitconnected.com/steve-jobs-formula-how-to-be-successful-at-anything-bc2366b0aa9,Steve Job’s Formula: How to be Successful at Anything,https://cdn-images-1.medium.com/fit/t/1600/480/0*-tmdszGX3aSCITm7,1.3K
https://levelup.gitconnected.com/,Matt Welsh,2022-10-05,8 min,https://levelup.gitconnected.com/the-end-of-programming-6e3f7ff0d8b4,The End of Programming,https://cdn-images-1.medium.com/fit/t/1600/480/1*15mUtVeoHDgphYZXoq7vfg.png,814
https://levelup.gitconnected.com/,Sanjay Priyadarshi,2022-10-04,10 min,https://levelup.gitconnected.com/meet-a-programmer-who-rejected-a-10-000-000-000-acquisition-offer-from-microsoft-6dc984074961,"Meet a Programmer Who Rejected a $10,000,000,000 Acquisition Offer From Microsoft",https://cdn-images-1.medium.com/fit/t/1600/480/1*SlkzPkYjd9sMAmkzzCb9ng.png,989
https://levelup.gitconnected.com/,Mohammed Ayar,2022-10-04,7 min,https://levelup.gitconnected.com/python-is-destroying-the-planet-951e83f22748,Python is Destroying the Planet,https://cdn-images-1.medium.com/fit/t/1600/480/0*kUlkBPXQ4_x3fK-S,701
https://levelup.gitconnected.com/,Alexander Nguyen,2022-10-09,5 min,https://levelup.gitconnected.com/my-salary-progression-from-amazon-microsoft-google-ec58d0c3ba01,"A Compensation Breakdown From Amazon, Microsoft, Google",https://cdn-images-1.medium.com/fit/t/1600/480/1*sXCfHkctrPMktwYc3o5_DA.jpeg,1.2K
https://levelup.gitconnected.com/,Amy Li,2022-10-03,6 min,https://levelup.gitconnected.com/why-i-use-obsidian-for-note-taking-making-system-as-a-tech-writer-e208699e0011,Top 3 Reasons Why I Moved From Notion to Obsidian as a Software Developer,https://cdn-images-1.medium.com/fit/t/1600/480/1*4U8u1jMmdKXcfHFlsyVVkA.png,598
https://levelup.gitconnected.com/,Trey Huffine,2022-09-26,11 min,https://levelup.gitconnected.com/how-we-reduced-our-annual-server-costs-by-80-from-1m-to-200k-by-moving-away-from-aws-2b98cbd21b46,How we reduced our annual server costs by 80% — from $1M to $200k — by moving away from AWS,https://cdn-images-1.medium.com/fit/t/1600/480/0*RsdrqH9MzWpwOboo,3.9K
https://levelup.gitconnected.com/,The woman,2022-09-18,4 min,https://levelup.gitconnected.com/my-junior-got-fired-and-sued-for-working-on-his-side-projects-during-office-hours-e9a4890a689c,My Junior Got Fired and Sued for Working on His Side Projects During Office hours,https://cdn-images-1.medium.com/fit/t/1600/480/1*qwSl189glDRkUsKUuuFuDg.png,2K
https://levelup.gitconnected.com/,Arslan Ahmad,2022-09-15,5 min,https://levelup.gitconnected.com/dont-just-leetcode-follow-the-coding-patterns-instead-4beb6a197fdb,Don’t Just LeetCode; Follow the Coding Patterns Instead,https://cdn-images-1.medium.com/fit/t/1600/480/1*S8x3pUwDKI-UewQhbDc9Og.png,2.3K
https://levelup.gitconnected.com/,Pen Magnet,2022-09-05,12 min,https://levelup.gitconnected.com/17-years-in-programming-i-couldnt-learn-javascript-in-7-days-dd58d09568e0,"17 Years in Programming, I Couldn’t Learn Javascript in 7 Days",https://cdn-images-1.medium.com/fit/t/1600/480/1*nWUXPKgpsBFz5S6XrX-wHA.jpeg,541
https://levelup.gitconnected.com/,Alexander Nguyen,2022-09-20,4 min,https://levelup.gitconnected.com/why-working-at-amazon-isnt-worth-150-000-e7b225391715,"Why Working at Amazon Isn’t Worth $150,000",https://cdn-images-1.medium.com/fit/t/1600/480/0*EVlnIYs_KmRi-Yas,1.2K
https://levelup.gitconnected.com/,Imran Farooq,2022-09-27,2 min,https://levelup.gitconnected.com/react-best-practices-for-software-design-and-architecture-87903cce7a9a,React Best Practices for Software Design and Architecture,https://cdn-images-1.medium.com/fit/t/1600/480/0*5697cE-hoc4p-Qdz,798
https://levelup.gitconnected.com/,"Ari Joury, PhD",2022-09-13,4 min,https://levelup.gitconnected.com/python-is-notoriously-slow-now-its-creators-want-to-make-it-twice-as-fast-acb41ad81f0a,Python is notoriously slow. Now its creators want to make it twice as fast,https://cdn-images-1.medium.com/fit/t/1600/480/1*naSLvylxH2d1gXfaCcBkIg.jpeg,394
https://levelup.gitconnected.com/,Entreprogrammer,2022-09-27,4 min,https://levelup.gitconnected.com/why-elon-musks-two-hand-test-for-hiring-is-very-effective-d4d366806319,Why Elon Musk’s Two Hand Test For Hiring Is Very Effective,https://cdn-images-1.medium.com/fit/t/1600/480/1*VLEQatyZorqzQ5a49sc_lg.png,726
https://levelup.gitconnected.com/,Entreprogrammer,2022-09-18,4 min,https://levelup.gitconnected.com/did-zuckerberg-really-con-his-cofounder-c035b8f65c9,Did Zuckerberg really Con His Cofounder?,https://cdn-images-1.medium.com/fit/t/1600/480/1*4lTDbto9fMaXadFPMq6lIg.png,264
https://levelup.gitconnected.com/,The woman,2022-09-15,5 min,https://levelup.gitconnected.com/10-most-dangerous-hackers-of-all-time-e6933c57b7b,10 Most Dangerous Hackers Of All Time,https://cdn-images-1.medium.com/fit/t/1600/480/1*UyABcGJ6e5LLPsxWDfH7bQ.png,253
https://python.plainenglish.io/,Anup Das,2022-12-18,8 min,https://python.plainenglish.io/15-free-data-science-deep-learning-books-4af882135fad,15 Completely Free Machine Learning and Deep Learning Books,https://cdn-images-1.medium.com/fit/t/1600/480/1*wfb7uS0fmxmcXxdEGgpDow.jpeg,333
https://python.plainenglish.io/,Jesús Lagares,2022-12-11,4 min,https://python.plainenglish.io/funny-programming-memes-explained-by-a-professional-software-developer-8f048de2b483,Funny programming memes explained by a Professional Software Developer,https://cdn-images-1.medium.com/fit/t/1600/480/1*KcQUEkOQ1LoMDHkMZ-Yymw.jpeg,171
https://python.plainenglish.io/,Liu Zuo Lin,2022-12-27,7 min,https://python.plainenglish.io/20-python-recursion-practice-questions-9a04308d456e,20 Python Recursion Practice Questions,https://cdn-images-1.medium.com/fit/t/1600/480/1*3iyfLObf-6CzM_JAnyndkA.png,330
https://python.plainenglish.io/,Yancy Dennis,2022-12-12,2 min,https://python.plainenglish.io/5000-per-hour-web-scraping-legal-site-db4bf949360e,$5000 Per Hour Web Scraping Legal Site,https://cdn-images-1.medium.com/fit/t/1600/480/1*GcoaNxuV8yfHwoSJOblhFw.jpeg,293
https://python.plainenglish.io/,Haider Imtiaz,2022-12-31,8 min,https://python.plainenglish.io/10-python-scripts-to-automate-your-everyday-tasks-5c9b34bce99a,10 Python Scripts to Automate Your Everyday Tasks,https://cdn-images-1.medium.com/fit/t/1600/480/1*_E2y-GWlSRZwBgXz9IZvtA.jpeg,71
https://python.plainenglish.io/,Adejumo Ridwan Suleiman,2022-12-06,9 min,https://python.plainenglish.io/how-to-perform-the-5-most-popular-statistical-analysis-with-python-ce9012c3be30,How To Perform The 5 Most Popular Statistical Analysis With Python,https://cdn-images-1.medium.com/fit/t/1600/480/0*Nn_O7jHxpVnMr672,247
https://python.plainenglish.io/,Ethan Jones,2022-12-20,6 min,https://python.plainenglish.io/mastering-command-line-arguments-in-python-a-comprehensive-guide-with-argparse-3da3b8984dd9,Mastering Command Line Arguments in Python: A Comprehensive Guide with argparse,https://cdn-images-1.medium.com/fit/t/1600/480/1*3TG_Y50hafOKoxPYCmC3sw.jpeg,56
https://python.plainenglish.io/,Yancy Dennis,2022-12-23,2 min,https://python.plainenglish.io/money-with-python-automation-9a427fe9f03d,Money with Python Automation,https://cdn-images-1.medium.com/fit/t/1600/480/1*EP3nQrIRGGHpFsuF6N66Tg.jpeg,76
https://python.plainenglish.io/,Farhan Tanvir,2022-12-20,5 min,https://python.plainenglish.io/7-most-starred-python-library-you-should-know-e5e34e6edc30,7 Most Starred Python Library You Should Know,https://cdn-images-1.medium.com/fit/t/1600/480/0*jrxW8qT-W6uRtj-K.jpeg,26
https://python.plainenglish.io/,Liu Zuo Lin,2022-12-05,4 min,https://python.plainenglish.io/checklist-for-intermediate-python-learners-ec0869d222b2,Checklist for Intermediate Python Learners,https://cdn-images-1.medium.com/fit/t/1600/480/1*6LUVci1mNN1wghecpA32qQ.png,250
https://python.plainenglish.io/,Adejumo Ridwan Suleiman,2022-11-10,6 min,https://python.plainenglish.io/9-things-you-do-that-show-you-are-not-a-python-professional-b8e0681af9e3,9 Things You Do That Shows You Are Not A Professional Python Developer,https://cdn-images-1.medium.com/fit/t/1600/480/0*9nsiWRvRtlKCjNmH,832
https://python.plainenglish.io/,Edoardo Bianchi,2022-11-15,10 min,https://python.plainenglish.io/i-fine-tuned-gpt-2-on-100k-scientific-papers-heres-the-result-903f0784fe65,I Fine-Tuned GPT-2 on 100K Scientific Papers. Here’s The Result,https://cdn-images-1.medium.com/fit/t/1600/480/1*whL6J-vFX81uxSzbtHM6OA.png,674
https://python.plainenglish.io/,Haider Imtiaz,2022-11-04,8 min,https://python.plainenglish.io/10-python-scripts-for-everyday-automation-57b75785aaf,10 Python Scripts for Everyday Automation,https://cdn-images-1.medium.com/fit/t/1600/480/1*tcZXYtuLTfTbgQ_xnnSrpw.jpeg,212
https://python.plainenglish.io/,Sunil Kumar,2022-11-28,6 min,https://python.plainenglish.io/i-make-1k-every-month-in-side-income-writing-simple-python-scripts-here-is-how-i-do-it-fb3dc4f9f30d,I Make $1K+ Every Month In Side Income Writing Simple Python Scripts — Here Is How I Do It,https://cdn-images-1.medium.com/max/676/1*qw0ognJd5tUSJ89QoBYvTQ.png,839
https://python.plainenglish.io/,Farhan Tanvir,2022-11-07,5 min,https://python.plainenglish.io/7-useful-python-libraries-you-should-use-in-your-next-project-6f068441689f,7 Useful Python Libraries You Should Use in Your Next Project,https://cdn-images-1.medium.com/fit/t/1600/480/1*xo751O_uL-yFece28ur4gw.jpeg,286
https://python.plainenglish.io/,Haider Imtiaz,2022-11-12,7 min,https://python.plainenglish.io/10-mini-automation-projects-in-python-5a2bb90f6550,10 Mini Automation Projects in Python,https://cdn-images-1.medium.com/fit/t/1600/480/1*cWqhrtGWvknEJqLfCXo8pg.jpeg,60
https://python.plainenglish.io/,Umberto Grando,2022-11-14,6 min,https://python.plainenglish.io/build-a-gui-for-any-api-easily-in-python-using-streamlit-15cd21560689,Build a GUI for Any API easily in Python Using Streamlit,https://cdn-images-1.medium.com/fit/t/1600/480/1*yfPxsVZ40pu_NiVnqa9fLQ.png,98
https://python.plainenglish.io/,Haider Imtiaz,2022-11-10,8 min,https://python.plainenglish.io/10-python-scripts-for-daily-automation-cd7fc3c65b6a,10 Python Scripts for Daily Automation,https://cdn-images-1.medium.com/fit/t/1600/480/1*98skhqWQZujcqf3mTLhcZg.jpeg,37
https://python.plainenglish.io/,Adejumo Ridwan Suleiman,2022-11-20,5 min,https://python.plainenglish.io/how-to-create-excel-functions-with-python-6c6da75082e8,How To Create Excel Functions With Python,https://cdn-images-1.medium.com/fit/t/1600/480/1*DwEHvCL3XufPhffMS5n44w.png,88
https://python.plainenglish.io/,Gautamankul,2022-11-11,5 min,https://python.plainenglish.io/python-top-most-useful-tips-you-should-learn-c9c7e77c9b5e,Python top most useful tips you should learn .,https://cdn-images-1.medium.com/fit/t/1600/480/1*JVdAu48WUGSlD7PtFzxBCQ.png,247
https://python.plainenglish.io/,Haider Imtiaz,2022-10-05,7 min,https://python.plainenglish.io/10-python-scripts-for-automation-f8904f05fc5f,10 Python Scripts for Automation,https://cdn-images-1.medium.com/fit/t/1600/480/1*FfbuYBTemJjlnLTO1UFgkw.jpeg,228
https://python.plainenglish.io/,Ishaan Gupta,2022-10-07,2 min,https://python.plainenglish.io/python-script-that-kept-me-online-all-day-2957c62ec44d,Python Script That Kept Me Online All Day,https://cdn-images-1.medium.com/fit/t/1600/480/1*b9kBRUr4D04iKrDJvhpi9g.jpeg,275
https://python.plainenglish.io/,Haider Imtiaz,2022-10-05,7 min,https://python.plainenglish.io/10-python-scripts-to-automate-your-bussines-9b58e92dfe93,10 Python Scripts to Automate Your Bussines,https://cdn-images-1.medium.com/fit/t/1600/480/1*9FENv6-d5c5Xa4Y6icC-uQ.jpeg,186
https://python.plainenglish.io/,Haider Imtiaz,2022-10-20,7 min,https://python.plainenglish.io/10-python-automation-scripts-1cfc94bd7b5,10 Python Automation Scripts,https://cdn-images-1.medium.com/fit/t/1600/480/1*lvcMRk4L0OBEMaYsbX2Kug.jpeg,82
https://python.plainenglish.io/,Liu Zuo Lin,2022-10-03,4 min,https://python.plainenglish.io/7-more-things-i-never-knew-about-python-until-recently-c1deb84e637f,7 More Things I Never Knew About Python Until Recently,https://cdn-images-1.medium.com/fit/t/1600/480/1*DGUhWLbMt5Pp-NrfVfXTKQ.png,256
https://python.plainenglish.io/,Richard Taujenis,2022-10-02,3 min,https://python.plainenglish.io/how-to-safely-store-your-api-keys-in-python-1dc5aadf93f9,How to Safely Store API keys in Python 🔑,https://cdn-images-1.medium.com/fit/t/1600/480/1*0tKKduYtF1bDMN9PZpsKbw.png,125
https://python.plainenglish.io/,Haider Imtiaz,2022-10-12,8 min,https://python.plainenglish.io/10-killer-python-automation-scripts-75f05ded6840,10 Killer Python Automation Scripts,https://cdn-images-1.medium.com/fit/t/1600/480/1*6Wc2r-HNCgFP2I2DyS0K7g.jpeg,263
https://python.plainenglish.io/,Liu Zuo Lin,2022-10-15,3 min,https://python.plainenglish.io/how-to-run-background-tasks-in-fastapi-python-73980fcf5672,How To Run Background Tasks In FastAPI (Python),https://cdn-images-1.medium.com/fit/t/1600/480/1*52uIt5trHRcJKmvXDBB85A.png,101
https://python.plainenglish.io/,Haider Imtiaz,2022-10-13,7 min,https://python.plainenglish.io/10-killer-apis-for-your-next-programming-projects-d67f9508f47f,10 Killer APIs for your Next Programming Projects,https://cdn-images-1.medium.com/fit/t/1600/480/1*Xq-Bn3TOqxWx-OsrVKzxew.jpeg,56
https://python.plainenglish.io/,Farhan Tanvir,2022-10-26,5 min,https://python.plainenglish.io/7-useful-python-libraries-you-should-use-in-your-next-project-eda545a28092,7 Useful Python Libraries You Should Use in Your Next Project,https://cdn-images-1.medium.com/fit/t/1600/480/0*_offFEqCJZO_ILkI,49
https://python.plainenglish.io/,Ethan Jones,2022-09-08,6 min,https://python.plainenglish.io/how-i-write-industry-standard-python-code-2dbc9435e48,How I write industry standard Python code,https://cdn-images-1.medium.com/fit/t/1600/480/1*UYcp2CWlau25j8KdOo_cCg.jpeg,623
https://python.plainenglish.io/,Ishaan Gupta,2022-09-12,5 min,https://python.plainenglish.io/5-python-concepts-that-will-advance-your-career-16cb8ccbf4f7,5 Python Concepts That Will Advance Your Career,https://cdn-images-1.medium.com/fit/t/1600/480/1*r6A9JMmXil_T83C4tdlmMg.jpeg,556
https://python.plainenglish.io/,Haider Imtiaz,2022-09-05,7 min,https://python.plainenglish.io/10-killer-apis-to-automate-your-daily-problems-e0b27d84c992,10 Killer APIs to Automate Your Daily Problems,https://cdn-images-1.medium.com/fit/t/1600/480/1*LO2g2_5Ushp0Py8JnKipMw.jpeg,583
https://python.plainenglish.io/,Liu Zuo Lin,2022-09-01,7 min,https://python.plainenglish.io/22-things-i-never-knew-about-python-until-recently-compilation-cb8e50e400ae,22 Things I Never Knew About Python Until Recently (Compilation),https://cdn-images-1.medium.com/fit/t/1600/480/1*C5SV3gDMxbNKkWYH4gnt_A.png,336
https://python.plainenglish.io/,Ishaan Gupta,2022-09-05,2 min,https://python.plainenglish.io/10-powerful-python-one-liners-d8c9b86c3cf0,10 Powerful Python One-Liners,https://cdn-images-1.medium.com/fit/t/1600/480/1*jLSxNQvNqsYr02VB_wr96A.jpeg,440
https://python.plainenglish.io/,Liu Zuo Lin,2022-09-06,4 min,https://python.plainenglish.io/10-levels-of-writing-python-functions-a0a29997ae79,10 Levels of Writing Python Functions,https://cdn-images-1.medium.com/fit/t/1600/480/1*8e0dt7lY0qjktbN8RPIBbQ.png,414
https://python.plainenglish.io/,Yancy Dennis,2022-09-03,3 min,https://python.plainenglish.io/150-5-minute-data-matching-gig-6a5c10ce75d6,How I made $150 in 5 minute Data Matching w/ Python,https://cdn-images-1.medium.com/fit/t/1600/480/1*CDkanyFVkkJM3U23zZBOlw.png,528
https://python.plainenglish.io/,Liu Zuo Lin,2022-09-22,3 min,https://python.plainenglish.io/7-levels-of-creating-python-classes-fc440dc96a19,7 Levels Of Creating Python Classes,https://cdn-images-1.medium.com/fit/t/1600/480/1*c0jo0WwT6-sKqJRhsU2uSg.png,359
https://python.plainenglish.io/,Dinesh Kumar K B,2022-09-20,7 min,https://python.plainenglish.io/how-to-implement-pagination-using-fastapi-in-python-6d57be902fd5,How to Implement Pagination Using FastAPI in Python,https://cdn-images-1.medium.com/fit/t/1600/480/1*Ac2h3EZAOgtoaMaYYxfsbw.png,11
https://python.plainenglish.io/,Haider Imtiaz,2022-09-10,7 min,https://python.plainenglish.io/10-killer-apis-to-automate-your-everyday-problems-77b45ce5d6fe,10 Killer APIs to Automate Your Everyday Problems,https://cdn-images-1.medium.com/fit/t/1600/480/1*-ZyllYUP4H8ycVhUIIIpQw.jpeg,166
https://entrepreneurshandbook.co/,Arthur Hayes,2022-12-09,15 min,https://entrepreneurshandbook.co/pemdas-4362df99a509,PEMDAS,https://cdn-images-1.medium.com/fit/t/1600/480/0*Kq7muZQCc9Hw6L4S,2K
https://entrepreneurshandbook.co/,DC Palter,2022-12-13,7 min,https://entrepreneurshandbook.co/is-your-startup-a-good-fit-for-venture-capital-bc59596df9e4,Is Your Startup a Good Fit for Venture Capital?,https://cdn-images-1.medium.com/fit/t/1600/480/1*dynS1nsebXyRD7yOqZjPYw.jpeg,452
https://entrepreneurshandbook.co/,Al Anany,2022-12-12,6 min,https://entrepreneurshandbook.co/i-used-chatgpt-to-create-a-small-saas-valuation-program-for-startups-and-i-love-it-a363a7b48f6b,"I Used ChatGPT to Create a Small SAAS Valuation Program for Startups, and I Love It",https://cdn-images-1.medium.com/fit/t/1600/480/1*dI3aPF8pgmzTtw5Z-FNtNA.png,436
https://entrepreneurshandbook.co/,Amardeep Parmar,2022-12-18,8 min,https://entrepreneurshandbook.co/the-20-top-rated-business-books-of-2022-79784fa6f0c1,The 20 Top-Rated Business Books of 2022,https://cdn-images-1.medium.com/fit/t/1600/480/1*XIBtqPQdixvDA79gHTKXsQ.png,561
https://entrepreneurshandbook.co/,DC Palter,2022-12-28,5 min,https://entrepreneurshandbook.co/how-to-pitch-like-a-pro-even-if-you-arent-69e1c181effa,"How to Pitch Like a Pro, Even if You Aren’t",https://cdn-images-1.medium.com/fit/t/1600/480/0*ZDPx4GxBkzSUCKRX,620
https://entrepreneurshandbook.co/,Joseph Mavericks,2022-12-21,9 min,https://entrepreneurshandbook.co/i-gathered-advice-from-100-millionaire-interviews-heres-the-best-insights-1ade812e7594,I Gathered Advice from 100+ Millionaire Interviews — Here’s the Best Insights,https://cdn-images-1.medium.com/fit/t/1600/480/1*8FIKclaFJ3_zJQ1xF3Eb0A.jpeg,741
https://entrepreneurshandbook.co/,Joseph Mavericks,2022-12-07,10 min,https://entrepreneurshandbook.co/5-books-that-made-me-thousands-of-dollars-6e978118c96c,5 Books That Made Me Thousands of Dollars,https://cdn-images-1.medium.com/fit/t/1600/480/1*fwLd_gFm5iKPHGil-14IwA.jpeg,663
https://entrepreneurshandbook.co/,Tim Denning,2022-12-14,5 min,https://entrepreneurshandbook.co/why-i-quit-my-250k-job-in-tech-to-run-an-unproven-online-business-c631df21f429,Why I Quit My $250K Job in Tech to Run an Unproven Online Business,https://cdn-images-1.medium.com/focal/1600/480/47/21/1*EtLShQnHajEn_dqqmprY4A.jpeg,664
https://entrepreneurshandbook.co/,Jon Brosio,2022-12-06,6 min,https://entrepreneurshandbook.co/the-only-blueprint-youll-ever-need-to-monetize-your-unique-interests-online-8e8bca365377,The Only Blueprint You’ll Ever Need to Monetize Your Unique Interests (Online),https://cdn-images-1.medium.com/fit/t/1600/480/1*IP6i3IWPYTbIRFunKMmoRw.jpeg,1.2K
https://entrepreneurshandbook.co/,Lucy Rothwell,2022-12-05,8 min,https://entrepreneurshandbook.co/dear-startup-love-trillion-dollar-company-c73437143ec9,"Dear Startup, Love Trillion-Dollar-Company",https://cdn-images-1.medium.com/fit/t/1600/480/1*uassxBiZWLAxcZvnJghkjQ.jpeg,360
https://entrepreneurshandbook.co/,Arthur Hayes,2022-11-09,10 min,https://entrepreneurshandbook.co/speechless-9b1b5114bb2c,Speechless,https://cdn-images-1.medium.com/fit/t/1600/480/0*XLVgBWXGvUydhRSV,3.6K
https://entrepreneurshandbook.co/,Arthur Hayes,2022-11-18,22 min,https://entrepreneurshandbook.co/white-boy-b12c33484a2e,White Boy,https://cdn-images-1.medium.com/fit/t/1600/480/0*KZKszBkTvIWv0ii8,2.5K
https://entrepreneurshandbook.co/,Arthur Hayes,2022-11-26,27 min,https://entrepreneurshandbook.co/white-man-5001d38a5e4e,White Man,https://cdn-images-1.medium.com/fit/t/1600/480/0*1_HOlLXPg8wFtcms,2.2K
https://entrepreneurshandbook.co/,Arthur Hayes,2022-11-04,21 min,https://entrepreneurshandbook.co/pure-evil-c0c2148f81ab,Pure Evil,https://cdn-images-1.medium.com/fit/t/1600/480/0*oXrFhCRee91IoDs8,1.8K
https://entrepreneurshandbook.co/,Stephen Moore,2022-11-16,4 min,https://entrepreneurshandbook.co/the-crypto-winter-is-about-to-become-a-crypto-ice-age-9d12d71e4b10,The Crypto Winter Is About to Become a Crypto Ice Age,https://cdn-images-1.medium.com/fit/t/1600/480/1*bqiK1RL0ejC2m_4O2JS5IQ.png,1.5K
https://entrepreneurshandbook.co/,Tim Denning,2022-11-08,5 min,https://entrepreneurshandbook.co/this-random-guys-course-launch-made-85-000-in-7-days-120294b2d347,"This Random Guy’s Course Launch Made $85,000 in 7 Days",https://cdn-images-1.medium.com/focal/1600/480/27/23/1*jHEjhzQj86kMtDi4T6d0wg.jpeg,3.4K
https://entrepreneurshandbook.co/,Tim Denning,2022-11-02,6 min,https://entrepreneurshandbook.co/the-first-decentralized-newsletter-platform-to-pay-writers-has-arrived-e2131a5fa47f,The First Decentralized Newsletter Platform to Pay Writers Has Arrived,https://cdn-images-1.medium.com/focal/1600/480/55/32/1*4SD6I0h_IZ8sulty_Gr9Gg.jpeg,6.4K
https://entrepreneurshandbook.co/,Tim Denning,2022-11-17,6 min,https://entrepreneurshandbook.co/solopreneurship-is-causing-high-performers-to-quit-their-high-paying-jobs-in-their-prime-35b654f57c20,Solopreneurship Is Causing High Performers to Quit Their High-Paying Jobs in Their Prime,https://cdn-images-1.medium.com/focal/1600/480/51/18/1*QFBOOSHMoAl7r73-XjyWVw.jpeg,1.6K
https://entrepreneurshandbook.co/,Tim Denning,2022-11-11,6 min,https://entrepreneurshandbook.co/13-things-i-wish-i-knew-when-i-started-my-online-business-fed379c0d569,13 Things I Wish I Knew When I Started My Online Business,https://cdn-images-1.medium.com/focal/1600/480/45/35/1*Q3Jf4zT0V4hSOmVjkuzlvQ.jpeg,1.91K
https://entrepreneurshandbook.co/,Tim Denning,2022-11-28,5 min,https://entrepreneurshandbook.co/most-of-crypto-is-a-giant-ponzi-scheme-waiting-to-explode-20938446d022,Most of Crypto Is a Giant Ponzi Scheme Waiting to Explode,https://cdn-images-1.medium.com/focal/1600/480/54/48/1*S63HHzdWbxFTp9NPUw_jkQ.jpeg,1.3K
https://entrepreneurshandbook.co/,Arthur Hayes,2022-10-06,22 min,https://entrepreneurshandbook.co/contagion-cf3638417fe9,Contagion,https://cdn-images-1.medium.com/fit/t/1600/480/0*hL5k-mr0MJFh1bJ4,2.9K
https://entrepreneurshandbook.co/,Arthur Hayes,2022-10-25,24 min,https://entrepreneurshandbook.co/comeback-fda90ba90677,Comeback,https://cdn-images-1.medium.com/fit/t/1600/480/0*qznNltSfGP1vtvb0,2.2K
https://entrepreneurshandbook.co/,"Aaron Dinin, PhD",2022-10-03,4 min,https://entrepreneurshandbook.co/a-venture-capitalist-told-me-how-he-decides-which-startups-to-fund-and-i-couldnt-believe-it-ca0a186e0bd4,"A Venture Capitalist Told Me How He Decides Which Startups to Fund, and I Couldn’t Believe It",https://cdn-images-1.medium.com/fit/t/1600/480/0*84zk1MkNm6H2aMW0,957
https://entrepreneurshandbook.co/,Al Anany,2022-10-24,6 min,https://entrepreneurshandbook.co/this-21-year-old-entrepreneur-built-a-six-figure-business-from-linkedin-heres-what-she-told-me-9c0c50caa830,This 21-Year-Old Entrepreneur Built A Six-Figure Business From LinkedIn — Here’s What She Told Me.,https://cdn-images-1.medium.com/fit/t/1600/480/1*bwpawrUoplsgDoP4B_Y82w.jpeg,824
https://entrepreneurshandbook.co/,Tim Denning,2022-10-27,7 min,https://entrepreneurshandbook.co/twelve-strange-pieces-of-business-advice-that-substantially-increased-my-net-worth-968f5e6649ea,Twelve Strange Pieces of Business Advice That Substantially Increased My Net Worth,https://cdn-images-1.medium.com/focal/1600/480/34/21/1*_N0eoDrGtxOr2Fzq3Qfbsg.jpeg,1.3K
https://entrepreneurshandbook.co/,Joseph Mavericks,2022-10-18,8 min,https://entrepreneurshandbook.co/apples-top-100-meeting-lessons-from-steve-jobs-secret-agenda-5bae5231cf69,Apple’s Top 100 Meeting: Lessons from Steve Jobs’ Secret Agenda,https://cdn-images-1.medium.com/fit/t/1600/480/1*WuBMQkjmteXsG-3jQpbaHA.jpeg,560
https://entrepreneurshandbook.co/,Amardeep Parmar,2022-10-04,17 min,https://entrepreneurshandbook.co/my-dad-died-the-way-i-think-about-what-i-do-has-changed-forever-e8e634969e80,My Dad Died. The Way I Think About What I Do Has Changed Forever.,https://cdn-images-1.medium.com/fit/t/1600/480/1*StdfxNU7qvjioEVVKdTBYw.png,3K
https://entrepreneurshandbook.co/,Al Anany,2022-10-10,5 min,https://entrepreneurshandbook.co/my-clients-have-raised-up-to-120-million-with-one-pagers-heres-how-to-create-yours-d3b71253f4b6,My Clients Have Raised Up to $120 Million With One-Pagers — Here’s How to Create Yours,https://cdn-images-1.medium.com/fit/t/1600/480/1*44fSCWC4LgNEM_MMQs7eZA.jpeg,495
https://entrepreneurshandbook.co/,Rachel Greenberg,2022-10-04,9 min,https://entrepreneurshandbook.co/10-lessons-i-wish-id-learned-before-10-years-of-entrepreneurship-4066a352148,10 Lessons I Wish I’d Learned Before 10+ Years of Entrepreneurship,https://cdn-images-1.medium.com/fit/t/1600/480/0*qypTaMyE4F_JPriy,465
https://entrepreneurshandbook.co/,Al Anany,2022-10-18,6 min,https://entrepreneurshandbook.co/ive-professionally-evaluated-1000-pitch-decks-here-s-what-the-ones-that-raise-have-in-common-83cc6c3de88b,I’ve Professionally Evaluated Over 1000 Pitch Decks — Here’s What The Ones That Raise Have in Common.,https://cdn-images-1.medium.com/fit/t/1600/480/1*QI9v12IYqqCGtt8FVAJpJQ.jpeg,275
https://entrepreneurshandbook.co/,Arthur Hayes,2022-09-07,31 min,https://entrepreneurshandbook.co/for-the-war-fd5509d525d,For the War,https://cdn-images-1.medium.com/fit/t/1600/480/0*rvrJYYe0w_1kY-5V,2.4K
https://entrepreneurshandbook.co/,Arthur Hayes,2022-09-22,15 min,https://entrepreneurshandbook.co/snippets-6eebdee2b069,Snippets,https://cdn-images-1.medium.com/fit/t/1600/480/0*nSD9gIHEchZfONbD,2.2K
https://entrepreneurshandbook.co/,Tim Denning,2022-09-27,7 min,https://entrepreneurshandbook.co/the-moment-i-decided-to-quit-my-job-and-do-my-own-thing-forever-840e08d146f8,The Moment I Decided to Quit My Job and Do My Own Thing Forever,https://cdn-images-1.medium.com/focal/1600/480/57/12/1*gdfLSO5sVuiIawa-GU86eg.jpeg,3.4K
https://entrepreneurshandbook.co/,Tim Denning,2022-09-01,9 min,https://entrepreneurshandbook.co/how-i-made-more-than-1m-from-writing-online-in-8-years-ca0d8f82ea74,How I Made More than $1M from Writing Online in 8 Years,https://cdn-images-1.medium.com/focal/1600/480/34/36/1*XPnngyixK6kbUv_n-cqqWA.jpeg,4.3K
https://entrepreneurshandbook.co/,Tim Denning,2022-09-16,7 min,https://entrepreneurshandbook.co/the-permissionless-economy-is-the-greatest-opportunity-for-making-money-online-5545c9537c66,The Permissionless Economy Is the Greatest Opportunity for Making Money Online,https://cdn-images-1.medium.com/focal/1600/480/49/13/1*a6G8JRXOjnKA2rl8Yh0vVQ.jpeg,2.5K
https://entrepreneurshandbook.co/,Joseph Mavericks,2022-09-20,11 min,https://entrepreneurshandbook.co/how-to-make-money-out-of-thin-air-feb1cb003f5d,How to Make Money out of Thin Air,https://cdn-images-1.medium.com/fit/t/1600/480/1*C2FoVHlrgMy_v_Ak9SwzIA.jpeg,964
https://entrepreneurshandbook.co/,Niharikaa Kaur Sodhi,2022-09-29,6 min,https://entrepreneurshandbook.co/how-i-moved-from-45-hour-to-20-hour-work-weeks-5b311cbece4e,How I Moved From 45-Hour to 20-Hour Work Weeks,https://cdn-images-1.medium.com/fit/t/1600/480/0*W3h3jmXENU0YWXep,2.1K
https://entrepreneurshandbook.co/,Jon Brosio,2022-09-29,5 min,https://entrepreneurshandbook.co/this-7-part-storytelling-framework-might-be-the-most-powerful-persuasion-tool-ever-created-c1d9c5e52655,This 7-Part Storytelling Framework Might Be The Most Powerful Persuasion Tool Ever Created,https://cdn-images-1.medium.com/fit/t/1600/480/1*ZnDbHSTk2cJFQTwjpUwVlw.jpeg,1.6K
https://entrepreneurshandbook.co/,Al Anany,2022-09-21,9 min,https://entrepreneurshandbook.co/our-third-founder-and-best-friend-never-spoke-to-us-again-after-we-ousted-him-from-our-startup-7be78779fc7a,Our Third Founder (And Best Friend) Never Spoke to Us Again After We Ousted Him From Our Startup,https://cdn-images-1.medium.com/fit/t/1600/480/1*5Z1d9sCv_kKIL4zGEzytWg.jpeg,246
https://entrepreneurshandbook.co/,Al Anany,2022-09-12,6 min,https://entrepreneurshandbook.co/i-have-spent-30k-outsourcing-freelancers-from-upwork-heres-my-ultimate-hiring-checklist-98fbc5ab20fa,I Have Spent $30k+ Outsourcing Freelancers from Upwork — Here’s My Ultimate Hiring Checklist.,https://cdn-images-1.medium.com/fit/t/1600/480/1*f3jLcNu5FTRgcrRShP2yHQ.jpeg,688
